;оПЕИЯЙСПЮМР СЯКСЦ;
бХДсЯКСЦХ;мЮГБЮМХЕ;рЮПХТ
1;юдпеямши кхярнй опхашрхъ (т-2);50.00
3;йюпрнвйю пецхярпюжхх (т-9);20.00
4;кхярнй ярюрхярхвеяйнцн сверю опхашрхъ (т-12о);28.00
5;онйбюпрхпмюъ йюпрнвйю (т-10);18.00
7;юдпеямши кхярнй сашрхъ (т-7);50.00
9;кхярнй ярюрхярхвеяйнцн сверю бшашрхъ (т-12б);28.00
10;гюъбкемхе н пецхярпюжхх он леярс опеашбюмхъ;42.00
13;гюъбкемхе н бшдюве оюяонпрю (тнплю 1о);55.00
17;гюъбкемхе н опхеле, бняярюмнбкемхх б цп-бе;198.00
18;гюъбкемхе н бшунде хг цпюфдюмярбю;198.00
25;гюъбкемхе мю бохяшбюмхе дереи б нго;
33;йбхрюмжхъ на нокюре б яаепйюяяс - тнплю од4`;15.00
35;опхкнфемхе: бшохяйю хг рпсднбни ймхфйх;28.00
44;опхкнфемхе: пндярбеммхйх;
45;юмйерю опха.б цнярхмхжс;
46;гюъбкемхе на српюре оюяонпрю;30.00
47;ябедемхъ н пец. кхжю он л/ф дкъ цмх;45.00
50;юдпеямши кхярнй опхашрхъ (т-2)/10,5*11,5;50.00
51;юдпеямши кхярнй сашрхъ (т-7)/10,5*11,5;50.00
53;гюъбкемхе н ямърхх я пец. сверю он л/ф (оп.208);40.00
54;гюъбкемхе н пец. он л/ф ян ямърхел (т-6) оп.208;90.00
55;гюъбкемхе н пец. он л/ф аег ямърхъ (т-6) оп.208;50.00
60;гюъбкемхе мю бшдювс нго (оп.360);160.00
67;гюъбкемхе н бшдюве бхдю мю фхрекэярбн;150.00
73;гюъбкемхе-юмйерю н опхцкюьемхх (цпюфдюмхм пт);120.00
74;гюъбкемхе-юмйерю н опхцкюьемхх (цпюфдюмхм хц);120.00
76;кхярнй опхашрхъ дкъ хмнярпюммнцн цпюфдюмхмю;50.00
83;гюъбкемхе н бшдюве пюгпеьемхъ мю бо;198.00
86;пюяохяйю н пюгзъям.опюбхк опеа. опх бшдюве пюгп.б;о
87;гюъбкемхе н опхеле б цп-бн пеаемйю;93.00
88;гюъбкемхе н бшунде хг цп-бю пеаемйю;93.00
89;гюъбкемхе мю нтнплкемхе пеаемйс мюкхвхъ цп-бю;78.00
90;гюъбкемхе н оепепецхярпюжхх бхдю мю фхрекэярбн;131.00
91;гюъбкемхе н оепепецхярпюжхх пюгпеьемхъ мю бо;
92;гюъбкемхе н дюйрхкняйнохвеяйни пецхярпюжхх;16.00
94;кхярнй сашрхъ дкъ хмнярпюммнцн цпюфдюмхмю;50.00
95;гюъбкемхе н пецхярпюжхх хц он л/ф;65.00
96;сбеднлкемхе хц н опеашбюмхх;118.00
97;сбеднлкемхе н ондрбепфдемхх опнфхбюмхъ;104.00
98;йбхрюмжхъ на нокюре б яаепйюяяс - тнплю од4``;15.00
99;йбхрюмжхъ на нокюре б яаепйюяяс-тнплю од4(мюкнц);15.00
100;гюъбкемхе мю бшдювс нго (оп.360) деръл;160.00
101;гюъбкемхе н бшдюве пбо дкъ аегбхгнбнцн бзегдю;198.00
102;гюъбкемхе н бшдюве бхдю мю фхрекэярбн дкъ йй;150.00
103;гюъбкемхе н бшдюве пюгпеьемхъ мю бо дкъ йй;198.00
104;гюъбкемхе-юмйерю н опхцкюьемхх (цп-м пт) дкъ йй;120.00
105;гюъбкемхе-юмйерю н опхцкюьемхх (цп-м хц) дкъ йй;120.00
106;гюъбкемхе н бшдюве бхдю мю фхр-бн дкъ кац дкъ йй;150.00
107;йбхрюмжхъ на нокюре б яаепйюяяс - тнплю од4;15.00
108;гюъбкемхе мю бшдювс нго мнбнцн напюгжю;160.00
109;гюъбкемхе мю бшдювс нго мнбнцн напюгжю деръл;160.00
110;ябедемхъ б тмя н пецхярпюжхх цп-мю пт он л/ф;45.00
111;ябедемхъ б тмя н пецхярпюжхх хц хкх кац он л/ф;45.00
112;бхгнбюъ юмйерю;120.00
113;янцкюяхе (N 152-тг);
;;
