йНДпЕЦХНМЮ;мЮГБпЕЦХНМ;нАКжЕМРП
1;юдшцеъ;мЕР
2;люийно;дЮ
3;аюьйнпрнярюм;мЕР
4;стю;дЮ
5;аспърхъ;мЕР
6;скюм-сдщ;дЮ
7;юкрюи;мЕР
8;цнпмн-юкрюияй;дЮ
9;дюцеярюм;мЕР
10;люуювйюкю;дЮ
11;хмцсьерхъ;мЕР
12;мюгпюмэ;дЮ
13;йюаюпдхмн-аюкйюпяйюъ пея.;мЕР
14;мюкэвхй;дЮ
15;йюклшйхъ;мЕР
16;щкхярю;дЮ
17;йюпювюебн-вепйеяяйюъ;мЕР
18;вепйеяяй;дЮ
19;йюпекхъ;мЕР
20;оерпнгюбндяй;дЮ
21;йнлх;мЕР
22;яшйршбйюп;дЮ
23;люпхи щк;мЕР
24;иньйюп-нкю;дЮ
25;лнпднбхъ;мЕР
26;яюпюмяй;дЮ
27;яебепмюъ няерхъ - юкюмхъ;мЕР
28;бкюдхйюбйюг;дЮ
29;рюрюпярюм;мЕР
30;йюгюмэ;дЮ
31;ршбю;мЕР
32;йшгшк;дЮ
33;сдлспрхъ;мЕР
34;хфебяй;дЮ
35;уюйюяхъ;мЕР
36;юаюйюм;дЮ
37;вевемяйюъ;мЕР
38;цпнгмши;дЮ
39;всбюьяйюъ;мЕР
40;веанйяюпш;дЮ
41;яюую (ъйсрхъ);мЕР
42;ъйсряй;дЮ
43;юкрюияйхи йпюи;мЕР
44;аюпмюск;дЮ
45;йпюямндюпяйхи йпюи;мЕР
46;йпюямндюп;дЮ
47;йпюямнъпяйхи йпюи;мЕР
48;опхлнпяйхи йпюи;мЕР
49;бкюдхбнярнй;дЮ
50;ярюбпнонкэяйхи йпюи;мЕР
51;ярюбпнонкэ;дЮ
52;уюаюпнбяйхи йпюи;мЕР
53;уюаюпнбяй;дЮ
54;юлспяйюъ накюярэ;мЕР
55;акюцнбеыемяй;дЮ
56;юпуюмцекэяйюъ накюярэ;мЕР
57;юпуюмцекэяй;дЮ
58;юярпюуюмяйюъ накюярэ;мЕР
59;юярпюуюмэ;дЮ
60;аекцнпндяйюъ накюярэ;мЕР
61;аекцнпнд;дЮ
62;апъмяйюъ накюярэ;мЕР
63;апъмяй;дЮ
64;бкюдхлхпяйюъ накюярэ;мЕР
65;бкюдхлхп;дЮ
66;бнкцнцпюдяйюъ накюярэ;мЕР
67;бнкцнцпюд;дЮ
68;бнкнцндяйюъ накюярэ;мЕР
69;бнкнцдю;дЮ
70;бнпнмефяйюъ накюярэ;мЕР
71;бнпнмеф;дЮ
72;хбюмнбяйюъ накюярэ;мЕР
73;хбюмнбн;дЮ
74;хпйсряйюъ накюярэ;мЕР
75;хпйсряй;дЮ
76;йюкхмхмцпюдяйюъ накюярэ;мЕР
77;йюкхмхмцпюд;дЮ
78;рбепяйюъ накюярэ;мЕР
79;рбепэ;дЮ
80;йюксфяйюъ накюярэ;мЕР
81;йюксцю;дЮ
82;йюлвюряйюъ накюярэ;мЕР
83;оерпноюбкнбяй-йюлвюряйхи;дЮ
84;йелепнбяйюъ накюярэ;мЕР
85;йелепнбн;дЮ
86;йхпнбяйюъ накюярэ;мЕР
87;йхпнб;дЮ
88;йнярпнляйюъ накюярэ;мЕР
89;йнярпнлю;дЮ
90;йспцюмяйюъ накюярэ;мЕР
91;йспцюм;дЮ
92;йспяйюъ накюярэ;мЕР
93;йспяй;дЮ
94;кемхмцпюдяйюъ накюярэ;мЕР
95;яюмйр-оерепаспц;дЮ
96;кхоежйюъ накюярэ;мЕР
97;кхоежй;дЮ
98;люцюдюмяйюъ накюярэ;мЕР
99;люцюдюм;дЮ
100;лняйнбяйюъ накюярэ;мЕР
101;лняйбю;дЮ
102;лсплюмяйюъ накюярэ;мЕР
103;лсплюмяй;дЮ
104;мхфецнпндяйюъ накюярэ;мЕР
105;мхфмхи мнбцнпнд;дЮ
106;мнбцнпндяйюъ накюярэ;мЕР
107;мнбцнпнд;дЮ
108;мнбняхахпяйюъ накюярэ;мЕР
109;мнбняхахпяй;дЮ
110;нляйюъ накюярэ;мЕР
111;нляй;дЮ
112;нпемаспцяйюъ накюярэ;мЕР
113;нпемаспц;дЮ
114;нпкнбяйюъ накюярэ;мЕР
115;нпек;дЮ
116;оемгемяйюъ накюярэ;мЕР
117;оемгю;дЮ
118;оепляйюъ накюярэ;мЕР
119;оеплэ;дЮ
120;ояйнбяйюъ накюярэ;мЕР
121;ояйнб;дЮ
122;пнярнбяйюъ накюярэ;мЕР
123;пнярнб-мю-днмс;дЮ
124;пъгюмяйюъ накюярэ;мЕР
125;пъгюмэ;дЮ
126;яюлюпяйюъ накюярэ;мЕР
127;яюлюпю;дЮ
128;яюпюрнбяйюъ накюярэ;мЕР
129;яюпюрнб;дЮ
130;яюуюкхмяйюъ накюярэ;мЕР
131;чфмн-яюуюкхмяй;дЮ
132;ябепдкнбяйюъ накюярэ;мЕР
133;ейюрепхмаспц;дЮ
134;ялнкемяйюъ накюярэ;мЕР
135;ялнкемяй;дЮ
136;рюланбяйюъ накюярэ;мЕР
137;рюланб;дЮ
138;рнляйюъ накюярэ;мЕР
139;рнляй;дЮ
140;рскэяйюъ накюярэ;мЕР
141;рскю;дЮ
142;рчлемяйюъ накюярэ;мЕР
143;рчлемэ;дЮ
144;скэъмнбяйюъ накюярэ;мЕР
145;скэъмнбяй;дЮ
146;векъахмяйюъ накюярэ;мЕР
147;векъахмяй;дЮ
148;вхрхмяйюъ накюярэ;мЕР
149;вхрю;дЮ
150;ъпнякюбяйюъ накюярэ;мЕР
151;ъпнякюбкэ;дЮ
152;ебпеияйюъ юбр.нак.;мЕР
153;ахпнахдфюм;дЮ
154;юцхмяйхи аспъряйхи юбр.нйп.;мЕР
155;йнлх-оеплъжйхи юбр.нйп.;мЕР
156;йнпъйяйхи юбрнмнлмши нйпсц;мЕР
157;мемежйхи юбр.нйп.;мЕР
158;рюилшпяйхи юбр.нйп.;мЕР
159;сярэ-нпдшмяйхи аспъряйхи юбр.нйп.;мЕР
160;уюмрш-люмяхияйхи юбр.нйп.;мЕР
161;всйнряйхи юбрнмнлмши нйпсц;мЕР
162;щбемйхияйхи юбр.нйп.;мЕР
163;ълюкн-мемежйхи юбр.нйп.;мЕР
164;юбярпюкхъ;мЕР
165;югепаюидфюм;мЕР
166;юбярпхъ;мЕР
167;юкаюмхъ;мЕР
168;юкфхп;мЕР
169;юмцнкю;мЕР
170;юмднппю;мЕР
171;юмрхцсю х аюпасдю;мЕР
172;юмрхкэяйхе нярпнбю;мЕР
173;юнлшмэ(люйюн);мЕР
174;юплемхъ;мЕР
175;юпцемрхмю;мЕР
176;ютцюмхярюм;мЕР
177;аюцюляйхе нярпнбю;мЕР
178;аюмцкюдеь;мЕР
179;аюпаюдня;мЕР
180;аюупеим;мЕР
181;аекюпсяэ;мЕР
182;аекхг;мЕР
183;аекэцхъ;мЕР
184;аемхм;мЕР
185;анкцюпхъ;мЕР
186;анкхбхъ;мЕР
187;анрябюмю;мЕР
188;апюгхкхъ;мЕР
189;апсмеи;мЕР
190;аспйхмю-тюян;мЕР
191;аспсмдх;мЕР
192;асрюм;мЕР
193;бюмсюрс;мЕР
194;бюрхйюм;мЕР
195;бекхйнапхрюмхъ;мЕР
196;бемцпхъ;мЕР
197;бемеясщкю;мЕР
198;бнярнвмши рхлнп;мЕР
199;бэермюл;мЕР
200;цюанм;мЕР
201;цюхрх;мЕР
202;цюиюмю;мЕР
203;цюлахъ;мЕР
204;цюмю;мЕР
205;цбюдексою;мЕР
206;цбюрелюкю;мЕР
207;цбхюмю;мЕР
208;цбхмеъ;мЕР
209;цбхмеъ-ахяюс;мЕР
210;цеплюмхъ;мЕР
211;цхапюкрюп;мЕР
212;цнмдспюя;мЕР
213;цпемюдю;мЕР
214;цпежхъ;мЕР
215;цпсгхъ;мЕР
216;дюмхъ;мЕР
217;дфхасрх;мЕР
218;днлхмхйю;мЕР
219;днлхмхйюмяйюъ пеяосакхйю;мЕР
220;ецхоер;мЕР
221;гюхп;мЕР
222;гюлахъ;мЕР
223;гюоюдмюъ яюуюпю;мЕР
224;гюоюдмне яюлню;мЕР
225;гюоюдмши аепкхм;мЕР
226;гхлаюабе;мЕР
227;хгпюхкэ;мЕР
228;хмдхъ;мЕР
229;хмднмегхъ;мЕР
230;хнпдюмхъ;мЕР
231;хпюй;мЕР
232;хпюм;мЕР
233;хпкюмдхъ;мЕР
234;хякюмдхъ;мЕР
235;хяоюмхъ;мЕР
236;хрюкхъ;мЕР
237;иелем;мЕР
238;йюан-бепде;мЕР
239;йюгюуярюм;мЕР
240;йюлепсм;мЕР
241;йюландфю;мЕР
242;йюмюдю;мЕР
243;йюрюп;мЕР
244;йемхъ;мЕР
245;йхоп;мЕР
246;йшпцшгярюм;мЕР
247;йхпхаюрх;мЕР
248;йхрюи;мЕР
249;ймдп;мЕР
250;йнкслахъ;мЕР
251;йнлнпяйхе нярпнбю;мЕР
252;йнмцн;мЕР
253;йнярю-пхйю;мЕР
254;йнр-дхбсюп;мЕР
255;йсаю;мЕР
256;йсбеир;мЕР
257;кюня;мЕР
258;кюрбхъ;мЕР
259;кац;мЕР
260;кхаепхъ;мЕР
261;кхбюм;мЕР
262;кхбхъ;мЕР
263;кхрбю;мЕР
264;кхуремьреим;мЕР
265;кчйяеласпц;мЕР
266;любпхйхи;мЕР
267;любпхрюмхъ;мЕР
268;людюцюяйюп;мЕР
269;люкюбх;мЕР
270;люкюигхъ;мЕР
271;люкх;мЕР
272;люкэдхбяйюъ пеяосакхйю;мЕР
273;люкэрю;мЕР
274;люпнййн;мЕР
275;люпрхмхйю;мЕР
276;лейяхйю;мЕР
277;лнгюлахй;мЕР
278;лнкднбю;мЕР
279;лнмюйн;мЕР
280;лнмцнкхъ;мЕР
281;лэъмлю;мЕР
282;мюлхахъ;мЕР
283;мюспс;мЕР
284;меоюк;мЕР
285;мхцеп;мЕР
286;мхцепхъ;мЕР
287;мхдепкюмдш;мЕР
288;мхйюпюцсю;мЕР
289;мнбюъ гекюмдхъ;мЕР
290;мнбюъ йюкеднмхъ;мЕР
291;мнпбецхъ;мЕР
292;назедхмеммше юпюаяйхе щлхпюрш;мЕР
293;нлюм;мЕР
294;оюйхярюм;мЕР
295;оюмюлю;мЕР
296;оюосю-мнбюъ цбхмеъ;мЕР
297;оюпюцбюи;мЕР
298;оепс;мЕР
299;онкэью;мЕР
300;онпрсцюкхъ;мЕР
301;осщпрн-пхйн;мЕР
302;печмэнм;мЕР
303;пняяхъ;мЕР
304;псюмдю;мЕР
305;пслшмхъ;мЕР
306;яюкэбюднп;мЕР
307;яюм-люпхмн;мЕР
308;яюм-рнле х опхмяхох;мЕР
309;яюсднбяйюъ юпюбхъ;мЕР
310;ябюгхкемд;мЕР
311;яеиьекэяйхе нярпнбю;мЕР
312;яемецюк;мЕР
313;яемр-бхмяемр х цпемюдхмш;мЕР
314;яемр-йпхярнтеп х мебхя;мЕР
315;яемр-кчяхъ;мЕР
316;яхмцюосп;мЕР
317;яхпхъ;мЕР
318;якнбюйхъ;мЕР
319;якнбемхъ;мЕР
320;яью;мЕР
321;янкнлнмнбш нярпнбю;мЕР
322;янлюкх;мЕР
323;ясдюм;мЕР
324;яспхмюл;мЕР
325;яэеппю-кенме;мЕР
326;яъмцюм(цнмйнмц);мЕР
327;рюдфхйхярюм;мЕР
328;рюхкюмд;мЕР
329;рюмгюмхъ;мЕР
330;рнцн;мЕР
331;рнмцю;мЕР
332;рпхмхдюд х рнаюцн;мЕР
333;рсбюкс;мЕР
334;рсмхя;мЕР
335;рспйлемхярюм;мЕР
336;рспжхъ;мЕР
337;сцюмдю;мЕР
338;сгаейхярюм;мЕР
339;сйпюхмю;мЕР
340;спсцбюи;мЕР
341;тхдфх;мЕР
342;тхкхоохмш;мЕР
343;тхмкъмдхъ;мЕР
344;тпюмжхъ;мЕР
345;унпбюрхъ;мЕР
346;жемрпюкэмн-ютпхйюмяйюъ пеяо.;мЕР
347;вюд;мЕР
348;вепмнцнпхъ;мЕР
349;веухъ;мЕР
350;вхкх;мЕР
351;веунякнбюйхъ;мЕР
352;ьбеижюпхъ;мЕР
353;ьбежхъ;мЕР
354;ьпх-кюмйю;мЕР
355;щйбюднп;мЕР
356;щйбюрнпхюкэмюъ цбхмеъ;мЕР
357;щярнмхъ;мЕР
358;щтхнохъ;мЕР
359;чцнякюбхъ;мЕР
360;чфмюъ йнпеъ;мЕР
361;чюп;мЕР
362;ълюийю;мЕР
363;ъонмхъ;мЕР
364;ашбьее яяяп;мЕР
365;мер;мЕР
366;йпшл;мЕР
367;йюпюйюкоюйяйюъ;мЕР
368;юауюгяйюъ;мЕР
369;юдфюпяйюъ;мЕР
370;мюухвебюмяйюъ;мЕР
371;йпюямнъпяй;дЮ
372;оепляйхи йпюи;мЕР
373;вевемн-хмцсьяйюъ;мЕР
374;пеяосакхйю люйеднмхъ;мЕР
375;цнпэйнбяйюъ накюярэ;мЕР
376;йсиашьебяйюъ накюярэ;мЕР
377;кемхмцпюд;дЮ
378;аюьйхпхъ;мЕР
379;люпхияйюъ;мЕР
380;нпдфнмхйхдге;дЮ
381;рсбхмяйюъ;мЕР
382;уюйюяяйюъ;мЕР
383;ъйсряйюъ;мЕР
384;ярюкхмцпюдяйюъ накюярэ;мЕР
385;ярюкхмцпюд;дЮ
386;йюкхмхмяйюъ накюярэ;мЕР
387;йюкхмхм;дЮ
388;цнпэйхи;дЮ
389;вйюкнбяйюъ накюярэ;мЕР
390;вйюкнб;дЮ
391;лнкнрнбяйюъ накюярэ;мЕР
392;лнкнрнб;дЮ
393;йсиашьеб;дЮ
394;ябепдкнбяй;дЮ
395;йхпцхгхъ;мЕР
396;юауюгхъ;мЕР
397;чфмюъ няерхъ пеяо.;мЕР
398;яепахъ;мЕР
399;бхммхжйюъ накюярэ;мЕР
400;бнкшмяйюъ накюярэ;мЕР
401;ксцюмяйюъ накюярэ;мЕР
402;бнпньхкнбцпюдяйюъ накюярэ;мЕР
403;дмеопноерпнбяйюъ накюярэ;мЕР
404;днмежйюъ накюярэ;мЕР
405;фхрнлхпяйюъ накюярэ;мЕР
406;гюйюпоюряйюъ накюярэ;мЕР
407;гюонпнфяйюъ накюярэ;мЕР
408;хбюмн-тпюмйнбяйюъ накюярэ;мЕР
409;йхеб;мЕР
410;йхебяйюъ накюярэ;мЕР
411;йхпнбнцпюдяйюъ накюярэ;мЕР
412;йпшляйюъ накюярэ;мЕР
413;яебюярнонкэ;мЕР
414;кэбнбяйюъ накюярэ;мЕР
415;мхйнкюебяйюъ накюярэ;мЕР
416;ндеяяйюъ накюярэ;мЕР
417;онкрюбяйюъ накюярэ;мЕР
418;пнбемяйюъ накюярэ;мЕР
419;ясляйюъ накюярэ;мЕР
420;репмнонкэяйюъ накюярэ;мЕР
421;уюпэйнбяйюъ накюярэ;мЕР
422;уепянмяйюъ накюярэ;мЕР
423;улекэмхжйюъ накюярэ;мЕР
424;вепйюяяйюъ накюярэ;мЕР
425;вепмхцнбяйюъ накюярэ;мЕР
426;вепмнбхжйюъ накюярэ;мЕР
427;апеяряйюъ накюярэ;мЕР
428;бхреаяйюъ накюярэ;мЕР
429;цнлекэяйюъ накюярэ;мЕР
430;цпндмемяйюъ накюярэ;мЕР
431;лхмяйюъ накюярэ;мЕР
432;лхмяй;мЕР
433;лнцхкебяйюъ накюярэ;мЕР
434;юмдхфюмяйюъ накюярэ;мЕР
435;асуюпяйюъ накюярэ;мЕР
436;дфхгюйяйюъ накюярэ;мЕР
437;йюьйюдюпэхмяйюъ накюярэ;мЕР
438;мюлюмцюмяйюъ накюярэ;мЕР
439;яюлюпйюмдяйюъ накюярэ;мЕР
440;яспуюмдюпэхмяйюъ накюярэ;мЕР
441;яшпдюпэхмяйюъ накюярэ;мЕР
442;рюьйемряйюъ накюярэ;мЕР
443;рюьйемр;дЮ
444;тепцюмяйюъ накюярэ;мЕР
445;унпегляйюъ накюярэ;мЕР
447;мюбнхияйюъ накюярэ;мЕР
448;юйрчахмяйюъ накюярэ;мЕР
449;юклю-юрхмяйюъ накюярэ;мЕР
450;юклю-юрю;мЕР
451;бнярнвмн-йюгюуярюмяйюъ накюярэ;мЕР
452;цспэебяйюъ накюярэ;мЕР
453;дфюласкэяйюъ накюярэ;мЕР
454;дфегйюгцюмяйюъ накюярэ;мЕР
455;йюпюцюмдхмяйюъ накюярэ;мЕР
456;йгшк-нпдхмяйюъ накюярэ;мЕР
457;йнйверюбяйюъ накюярэ;мЕР
458;йсярюмюияйюъ накюярэ;мЕР
459;люмцшькюйяйюъ накюярэ;мЕР
460;оюбкндюпяйюъ накюярэ;мЕР
461;яебепн-йюгюуярюмяйюъ накюярэ;мЕР
462;яелхоюкюрхмяйюъ накюярэ;мЕР
463;рюкдш-йспцюмяйюъ накюярэ;мЕР
464;рспцюияйюъ накюярэ;мЕР
465;спюкэяйюъ накюярэ;мЕР
466;юйлнкхмяйюъ накюярэ;мЕР
467;чфмн-йюгюуярюмяйюъ накюярэ;мЕР
468;хяяшй-йскэяйюъ накюярэ;мЕР
469;ньяйюъ накюярэ;мЕР
470;мюпшмяйюъ накюярэ;мЕР
471;дфюкюк-юаюдяйюъ накюярэ;мЕР
472;рюкюяяйюъ накюярэ;мЕР
473;тпсмгемяйюъ накюярэ;мЕР
474;йспцюм-рчахмяйюъ накюярэ;мЕР
475;кемхмюаюдяйюъ накюярэ;мЕР
476;цнпмн-аюдюуьюмяйюъ пея.;мЕР
477;йскъаяйюъ накюярэ;мЕР
478;юьуюаюдяйюъ накюярэ;мЕР
479;юьуюаюд;мЕР
480;йпюямнбндяйюъ накюярэ;мЕР
481;люпшияйюъ накюярэ;мЕР
482;рюьюсгяйюъ накюярэ;мЕР
483;вюпдфнсяйюъ накюярэ;мЕР
484;мюцнпмн-йюпюаюуяйюъ;мЕР
485;сйпюхмяйюъ яяп;мЕР
486;аекнпсяяйюъ яяп;мЕР
487;сгаейяйюъ яяп;мЕР
488;йюгюуяйюъ яяп;мЕР
489;жекхмнцпюдяйюъ накюярэ;мЕР
490;вхлйемряйюъ накюярэ;мЕР
491;цпсгхмяйюъ яяп;мЕР
492;югепаюидфюмяйюъ яяп;мЕР
493;кхрнбяйюъ яяп;мЕР
494;лнкдюбяйюъ яяп;мЕР
495;кюрбхияйюъ яяп;мЕР
496;йхпцхгяйюъ яяп;мЕР
497;рюдфхйяйюъ яяп;мЕР
498;юплъмяйюъ яяп;мЕР
499;рспйлемяйюъ яяп;мЕР
500;щярнмяйюъ яяп;мЕР
501;чфмюъ няерхъ;мЕР
502;бекхйнксйяйюъ накюярэ;мЕР
503;оюкеярхмю;мЕР
504;гюаюийюкэяйхи йпюи;мЕР
505;йюлвюряйхи йпюи;мЕР