;яОПЮБНВМХЙ ДНЙСЛЕМРНБ;
рХОдНЙСЛ;мЮГБЮМХЕ;йНДоНДПЮГД
1;оюяонпр (яяяп);12
2;гюцпюм.оюяонпр;12
3;бхд мю фхрекэярбн;12
4;яб-бн н пнфдемхх;
5;сднярнбепемхе кхвмнярх;
6;бндхр.сднярнбепемхе;2
7;реумхв.оюяонпр юлр;2
8;яб-бн н апюйе;
9;яб-бн н пюяр.апюйю;
10;бнеммши ахкер;
11;яопюбйю на нябнанфд;7
12;тнплю 9;12
13;пюгпеьемхе мю бпелеммне опнфхбюмхе;12
14;сднярнбепем.кхвм нтхжепю;
15;сднярнбепем. б/яксф;
16;мюж.оюяонпр хмнярпюмжю;
17;днбепеммнярэ;
18;пюгпеьемхе мю цюгнбне нпсфхе;30
19;пюгпеьемхе мю упюмемхе х мньемхе нунрмхвэецн омеблюрхвеяйнцн,нцмеярпекэмнцн нпсфхъ;30
20;пюгпеьемхе мю упюм.мюпегмнцн нпсфхъ;30
21;пюгпеьемхе мю бгпшбвюрше б-бю;30
22;пюгпеьемхе мю нупюммсч деърекэмнярэ;30
23;пюгпеьемхе мю рнпцнбкч нпсфхел;30
24;пюгпеьемхе мю опнхгбндярбн нпсфхъ;30
25;пюгпеьемхе мю дерейрхбмсч деърекэмнярэ;30
26;нрйп.кхж. мю опхнап.цюгнб.нп.;30
27;кхжемгхъ мю опхнаперемхе ндмни едхмхжш нцмеярпекэмнцн цкюдйнярбнкэмнцн дкхммнярбнкэмнцн нпсфхъ;30
28;кхжемгхъ мю опхнап.ндмни ед.нунрмхвэецн нпсфхъ я мюпегмшл ярбнкнл хкх ндмни ед.йнлахмхпнб.нпсфхъ;30
29;пюгпеьемхе мю упюмемхе х хяонкэгнбюмхе нпсфхъ х оюрпнмнб й мелс (пух);30
30;пюгпеьемхе мю опюбн упюмемхъ х мньемхъ мюцпюдмнцн нпсфхъ;30
31;кхжемгхъ мю опюбн ббнгю/бшбнгю нпсфхъ;30
32;кхжемгхъ мю опхна.яксф.мюпегмнцн нпсфхъ;30
33;кхжемгхъ мю опхна.яксф.цкюдйнярбнкэмнцн нпсфхъ;30
35;кхжемгхъ мю щйяок.яйкюднб,упюмемхе бгпшб.люрепхюкнб;30
36;кхжемгхъ мю опнхгбндярбн бгпшбмшу пюанр;30
37;кхжемгхъ мю опхлемем,хяошрюм.бгпшб.люрепхюкнб;30
38;кхжемгхъ мю опнлшяк-центхгхв.хяякеднбюм.яйбюфхм;30
39;кхжемгхъ мю упюмемхе мюпйняндепф.беыеярб;30
40;кхжемгхъ мю хяонкэг.(опхлемем)мюпйняндепфюы.беыеярб;30
49;рюкнм гюъбхрекъ;3
50;хяонкмхрекэмши кхяр;
51;гюйк.н опхгм.аегбеяр.нрясрярб.;
52;яб-бн н ялепрх;
53;бхгю;12
54;рекецпюллю;
55;"яопюбйю на нябнанфд ""а-хк""";7
56;"яопюбйю на нябнанфд ""а-хо""";7
57;бйкюдшь;12
58;яб-бн бшмсфдеммнцн оепеяекемжю;12
59;яб-бн н пецхярп. он л/о;12
60;яб-бн н пецхярп. он л/ф;12
61;мюйкюдмюъ;
62;кхжемгхъ мю вюярмсч дерейрхбмсч деърекэмнярэ;30
63;тнплю 5;
64;ябхдерекэярбн мю яп-бю жбермнцн йнохпнбюмхъ;30
65;йбхрюмжхъ мю хгзърне нпсфхе;30
66;кхжемгхъ мю опхнаперемхе, упюмемхе х мньемхе нпсфхъ яюлннанпнмш;30
67;юйр опхелйх нпсфеимни йнлмюрш;30
68;опедсопефдемхе;30
69;пюгпеьемхе мю упюмемхе х мньемхе опх хяонкмемхх яксфеамшу наъгюммняреи яксфеамнцн нпсфхъ;30
70;кхжемгхъ мю янгдюмхе вюярмнцн нупюммнцн опедопхърхъ;30
71;днцнбнп мю нйюгюмхе нупюммшу сяксц;30
72;опедохяюмхе;30
73;яб-бн н опнунфдемхх опнтондцнрнбйх кпп;30
74;яб-бн н оепелеме хлемх;
75;оюяонпр (пт);12
76;ледхжхмяйюъ ймхфйю;
77;тнплю 2о цп. пт;12
78;ябхдерекэярбн н пец. ря;2
79;оюяонпр ря;2
80;оюяонпр лнпъйю;
81;яопюбйю он цпюфдюмярбс;12
82;яб-бн н пнфдемхх хмнцн цнясдюпярбю;
83;пюонпр;
84;днйкюдмюъ;
85;осребни кхяр;
86;йнлюмдхпнбнвмне сднярнбепемхе;
87;яопюбйю;12
88;яб-бн н бнгбпюыемхх;12
89;бхд мю фхрекэярбн хц;12
90;бхд мю фхрекэярбн кац;12
91;сднярнбепемхе кац;12
92;хгбеыемхе мю бзегд;12
93;яб-бн н цпюфдюмярбе;12
94;гюцпюм.оюяонпр (пт);12
95;нунрмхвхи ахкер;30
96;днцнбнп;
97;гюъбйю мю йпедхр;
98;мюжхнмюкэмюъ ярпюмхжю/бйкюдшь б оюяонпр пт;12
99;лед.гюйкчвемхе дкъ опхнап.нпсфхъ;
100;ьрюлош б оюяонпр;12
101;юдлопнрнйнк;26
102;тнплю-7;
103;дхокнл;
104;опнтянчгмши ахкер;
105;яаепецюрекэмюъ ймхфйю;
106;рпсднбюъ ймхфйю;
107;яепрхтхйюр;
108;опхцкюьемхе мю оняеыемхе пт;12
109;кхвмюъ ймхфйю бгпшбмхйю;
110;юрреярюр;
111;яб-бн тхг.кхжю н онярюмнбйе мю свер б мюкнц.нпцюме;
112;яб-бн чп.кхжю н онярюмнбйе мю свер б мюкнц.нпцюме;
113;мюжхнмюкэмши оюяонпр кац;
114;сднярнбепемхе юдбнйюрю;
115;ьрюло н пюгпеьемхх мю бо;12
116;кхжемгхъ мю опнхгбндярбн бгпшбвюршу люрепхюкнб;30
117;кхжемгхъ мю упюмемхе бгпшбвюршу люрепхюкнб;30
118;кхжемгхъ мю пюяопнярпюмемхе бгпшб.люр.опнл.мюгмювемхъ;30
119;пюгпеьемхе мю опхнаперемхе бгпшб.люрепхюкнб;30
120;пюгпеьемхе мю оепебнгйс бгпшб.люрепхюкнб;30
121;яб-бн н цнясдюпярб.пецхярпюжхх чпхдхвеяйнцн кхжю;30
122;сднярнбепемхе кхвмнярх вюярмнцн нупюммхйю;30
123;сднярнбепемхе кхвмнярх вюярмнцн дерейрхбю;30
124;кхжемгхъ мю йнккейжхнмхпнбюмхе нпсфхъ (оюрпнмнб);30
125;окюрефмне онпсвемхе;
126;йюяянбши нпдеп;
127;ябхдерекэярбн н опнунфдемхх насвемхъ;
128;пюгпеьемхе мю опхбкевемхе хц;68
129;пюгпеьемхе мю пюанрс хц хкх кац;68
130;яб-бн на сярюмнбкемхх нржнбярбю;
131;оюяонпр (юауюгхъ);12
132;тнплю 2о цп.юауюгхх;12
133;дхокнлюрхвеяйхи оюяонпр;
134;яб-бн н пюяял. ундюр-бю н опхгмюмхх аефемжел б пт;12
135;сднярнбепемхе аефемжю б пт;12
136;яб-бн н опеднярюбкемхх бпелеммнцн саефхыю б пт;12
137;бнеммши ахкер нтхжепю гюоюяю;12
138;бпелеммне сднярнб. бшдюммне бгюлем бнеммнцн ахкерю;12
139;сднярнбепемхе бмеьрюрмнцн янрпсдмхйю лхкхжхх;
140;яб-бн н опюбе янаярбеммнярх цп-мю;
141;днцнбнп оепедювх;
142;днцнбнп йсокх-опндюфх;
143;днцнбнп лемш;
144;днцнбнп дюпемхъ;
145;днцнбнп пемрш я онфхгмеммшл яндепфюмхел;
146;яопюбйю н гюъбк.опеднярюбк.бпел.саефхыю мю реп.пт;12
147;опнегдмни днйслемр аефемжю;12
148;опхйюг (сйюг,онярюмнбкемхе) н мюцпюфдемхх нпсфхел;30
149;мюйкюдмюъ н онксвемхх мюцпюдмнцн нпсфхъ;30
150;яксфеамши оюяонпр;12
151;ябхдерекэярбн на сяшмнбкемхх;12
152;опхйюг (пюяонпъфемхе) н опхеле пюанрмхйю мю пюанрс;
153;йбхрюмжхъ;
154;кхжемгхъ мю опхнап.омеблюрхвеяйнцн нпсфхъ;30
155;днцнбнп мюилю (ондмюилю);
156;кхжемгхъ мю опхнаперемхе хмнярпюммшл цпюфдюмхмнл ндмни едхмхжш цпюфдюмяйнцн нпсфхъ;30
157;пюгпеьемхе мю бшбнг хг пт нпсфхъ (оюрпнмнб);30
158;пюгпеьемхе мю упюмемхе х мньемхе йнпнрйнярбнкэмнцн нцмеярпекэмнцн нпсфхъ;30
159;кхжемгхъ мю янгдюмхе назедхмемхъ вюярмшу дерейрхбмшу опедопхърхи;30
160;пюгпеьемхе мю упюмемхе (аег опюб мньемхъ) нцмеярпек.цкюдйнярбнкэмнцн дкхммнярбнк.нпсфхъ яюлннанпнмш;30
161;кхжемгхъ мю опхнаперемхе ндмни едхмхжш нунрмхвэецн омеблюрхвеяйнцн нпсфхъ (анкее 7,5 дф);30
162;кхжемгхъ мю щйяонмхпнбюмхе нпсфхъ (оюрпнмнб);30
163;пюгпеьемхе мю ббнг (бшбнг) нпсфхъ (оюрпнмнб);30
164;пюгпеьемхе мю рпюмяонпрхпнбюмхе нпсфхъ х оюрпнмнб й мелс;30
165;пюгпеьемхе мю упюмемхе х мньемхе яонпрхбмнцн нцмеярпекэмнцн цкюдйнярбнкэмнцн дкхммнярбнкэмнцн нпсфхъ;30
166;пюгпеьемхе мю оепебнгйс нпсфхъ х оюрпнмнб й мелс;30
167;пюгпеьемхе мю хяонкэгнбюмхе нпсфхъ;30
168;кхжемгхъ мю янгдюмхе тхкхюкю назедхмемхъ вюярмшу дерейрхбнб;30
169;пюгпеьемхе мю упюмемхе нпсфхъ х оюрпнмнб й мелс;30
170;кхжемгхъ мю рнпцнбкч цпюфдюмяйхл х яксфеамшл нпсфхел х оюрпнмнб й мелс;30
171;кхжемгхъ мю опхнаперемхе нпсфхъ (оюрпнмнб) гю опедекюлх пт;30
172;кхжемгхъ мю опхнаперемхе нпсфхъ (оюрпнмнб) мю реппхрнпхх пт;30
173;оюяонпр цп-мю чфмни няерхх;12
174;опносяй;
175;ярсдемвеяйхи ахкер;
176;лхцпюжхнммюъ йюпрю;
177;гюцпюм.оюяонпр мо;12
178;яб-бн н опхябнемхх йбюкхтхйюжхх 6 пюгпъдю;30
179;пеьемхе йбюкхтхйюжхнммни йнлхяяхх - ядюк;30
180;пеьемхе йбюкхтхйюжхнммни йнлхяяхх - ме ядюк;30
181;яб-бн н опхябнемхх йбюкхтхйюжхх 4 пюгпъдю;30
182;яб-бн н опхябнемхх йбюкхтхйюжхх 5 пюгпъдю;30
183;опхйюг (пюяонпъфемхе) на сбнкэмемхх янрпсдмхйю;
184;оюремр;68
185;гюцпюмоюяонпр цп-мю юауюгхх;
186;мюопюбкемхе дкъ опнбепйх, яепрхтхйюжхх нпсфхъ;30
187;сбеднлкемхе н опндюфе;30
188;пюгпеьемхе мю упюмемхе нпсфхъ х оюрпнмнб й мелс дкъ рнпцсчыху чп.кхж (пур);30
189;кхжемгхъ мю опхнаперемхе яепрхтхжхпнбюммнцн б сярюмнбкеммнл онпъдйе нцмеярп.нпсф.нцпюмхв.онпюфемхъ;30
190;пюгпеьемхе мю упюмемхе х мньемхе яепрхтхжхпнбюммнцн нцмеярпекэмнцн нпсфхъ нцпюмхвеммнцн онпюфемхъ;30
191;сднярнбепемхе бмеьрюрмнцн янрпсдмхйю онкхжхх;
#FFD#;;
