;Таблицы;
Таблица;Название;Уровень
AV_CONTR;КОНТРОЛЬ ТРАНСПОРТА;10
A_OBJEKT;ОБЪЕКТЫ УЧЕТА;10
A_TO;ТЕХНОЛОГИЧЕСКИЕ ОПЕРАЦИИ;100
BLANK;БЛАНКИ;100
CR_OPR;ОПЕРАЦИИ УГОЛОВНЫХ ДЕЛ;100
EXP_PRN;ПРОТОКОЛ ЭКСПОРТА ИНФОРМАЦИИ;100
FORMATBL;ФОРМАТЫ БЛАНКОВ ДОКУМЕНТОВ;100
LC_P_SUD;РЕШЕНИЯ СУДА;10
OB_PHOTO;ФОТО К ОБЪЕКТАМ;100
OB_P_ROZ;РОЗЫСК;100
OB_P_VN;ВНЕШНОСТЬ;100
O_ADRESS;АДРЕСА;100
O_AVTO;ТРАНСПОРТ;100
O_DELO;ДЕЛА ОПЕРУЧЕТА;3
O_DOC;ДОКУМЕНТЫ;100
O_INFO;ОПЕРАТИВНАЯ ИНФОРМАЦИЯ;3
O_LICO;ЛИЦА;100
O_OPF;ОПФ;10
O_ORGANZ;ОРГАНИЗАЦИИ;100
O_ORUJ;ОРУЖИЕ;100
O_SOBIT;СОБЫТИЯ;10
O_TEL;ТЕЛЕФОННЫЕ НОМЕРА;100
O_VESCH;ВЕЩИ;100
PRNS;СПРАВОЧНИК ПРИНТЕРОВ;0
RPT_MAIN;СОДЕРЖАНИЕ ОТЧЁТОВ ПО БД;100
SEANS;СЕАНСЫ РАБОТЫ;0
SO_ADM;СПИСОК АДМУЧАСТКОВ;100
SO_PSEVD;СПИСОК ПСЕВДОНИМОВ;3
SU_ADM;АДМПРОТОКОЛЫ;100
SU_CRIME;УГОЛОВНЫЕ ДЕЛА;100
SU_DOST;ДОСТАВЛЕНИЯ;100
SU_FILE;ДЕЛА;10
ZONES;НАРЕЗКА НА ЗОНЫ;100
SO_OPER;СПИСОК СОТРУДНИКОВ;10
SU_IVS;ЖУРНАЛ ВОДВОРЕНИЙ В ИВС/СИЗО;3
LC_CHILD;ДЕТИ;100
SNYAT;АКТ ОБ УНИЧТОЖЕНИИ;10
SNYATBL;СНЯТИЕ БЛАНКОВ С УЧЕТА;10
SNYATDOC;СНЯТИЕ ДОКУМЕНТОВ С УЧЕТА;10
SO_POS;СПИСОК ПОСЕЛКОВ В ГОРОДАХ;100
SO_UL;СПИСОК УЛИЦ;100
SO_NASPN;СПИСОК НАСЕЛЕННЫХ ПУНКТОВ;100
SLOVO1;СПРАВОЧНИК РАЙОНОВ;100
S_TPDOC;СПРАВОЧНИК ДОКУМЕНТОВ;100
SLOVO2;СПРАВОЧНИК ГОСУДАРСТВ;100
S_PRAV;ПРАВОВАЯ ОСНОВА;100
ADM_TXT;ФАБУЛА АДМПРОТОКОЛА;100
AV_P_OP;ОПЕРАЦИИ НАД ТРАНСПОРТОМ;100
A_RELAT;СВЯЗИ;10
CHAP_REF;СПРАВОЧНИК РАЗДЕЛОВ;0
DESKMENU;МЕНЮ ОБСТАНОВОК;0
DETAILS;ПРОТОКОЛ СЕАНСА;0
DOST_TXT;ФАБУЛА ДОСТАВЛЕНИЯ;100
DUP_OBJ;ДУБЛИКАТЫ;10
HELP03;ОКОПФ;100
HELP07;СПРАВОЧНИК НАЦИОНАЛЬНОСТЕЙ;100
HELP20;СПРАВОЧНИК ИТУ;100
KT_OB_OK;ОКРАСКА ПО ОБЪЕКТАМ;0
LC_D_PRF;ПРОФУЧЕТ;100
LC_P_OSV;ДАННЫЕ ОБ ОСВОБОЖДЕНИИ;100
LC_P_ROZ;РОЗЫСК ЛИЦА;100
MENUITEM;ЭЛЕМЕНТЫ МЕНЮ;0
OB_D_DOP;ДОПОЛНЕНИЕ К ОБЪЕКТАМ;10
OB_D_FAB;СОДЕРЖАНИЕ;10
OB_P_DTF;ДАКТИЛОКАРТА;100
OB_P_OKR;ОКРАСКА ОБЪЕКТА;10
OI_D_KNT;КОНТРОЛЬ ОПЕРИНФОРМАЦИИ;3
OI_P_REA;РЕАЛИЗАЦИЯ ОИ;3
OR_P_OS;ОСОБЕННОСТИ ОРУЖИЯ;100
PROTOCOL;ПРОТОКОЛ ОБМЕНА ДАННЫМИ;0
PROT_EXP;ЭКСПОРТ В СИМЕНС;0
PSVD_OSB;ХАР-КА ПСЕВДОНИМА;3
PSVD_TXT;ЗАМЕЧАНИЯ;3
RIFLING;НАРЕЗКА АДМУЧАСТКОВ;0
RIGHTS;ПРАВА;0
ROZ_TXT;ФАБУЛА РОЗЫСКА;100
SB_NARK;НАРКОТИКИ ПО СОБЫТИЯМ;10
SB_RESH;ИЗМЕНЕНИЕ РЕШЕНИЯ;10
SB_UCHAS;УЧАСТНИКИ РАССЛЕДОВАНИЯ;10
SB_VESCH;ВЕЩЕСТВ. ДОК-ВА;10
SLOVO3;СПРАВОЧНИК СУБЪЕКТОВ;100
SLV_CLN;ЧИСТКА СЛОВАРЕЙ;0
SO_KLCHK;СПИСОК КЛИЧЕК;100
SPR001;СПРАВОЧНИК КАТЕГОРИЙ ЛИЦ;100
SPR002;СПРАВОЧНИК МЕСТОПРЕБЫВАНИЯ;100
SPR008;СПРАВОЧНИК МОТИВОВ;100
SPR015;СПРАВОЧНИК ЦЕЛЕЙ ОРГАНИЗАЦИЙ;100
SPR031;СПРАВОЧНИК СОСТОЯНИЙ ДОКУМЕНТА;100
SPR033;СПРАВОЧНИК ДЕЛ;100
SPR034;СПРАВОЧНИК ОСНОВАНИЙ ОСВОБОЖД.;100
SPR036;СПРАВОЧНИК ПРИЧИН РОЗЫСКА;100
SPR037;СПРАВОЧНИК МЕР ПРЕСЕЧЕНИЯ;100
SPR038;СПРАВОЧНИК ПОДРАЗДЕЛЕНИЙ;100
SPR039;СПРАВОЧНИК СТАТЕЙ АДМНАРУШЕНИЙ;100
SPR041;СПРАВОЧНИК РЕШЕНИЙ СУДА;100
SPR043;СПРАВОЧНИК ПРИНЯТЫХ МЕР;100
SPR045;СПРАВОЧНИК СВЯЗЕЙ;100
SPR046;СПРАВОЧНИК ЖУРНАЛОВ;100
SPR056;СПРАВОЧНИК ТИПОВ МАШИН;100
SPR057;СПРАВОЧНИК МОДЕЛЕЙ ТС;100
SPR059;СПРАВОЧНИК КУЗОВОВ;100
SPR060;СПРАВОЧНИК ЦВЕТОВ ТС;100
SPR061;СПРАВОЧНИК ОСНОВАНИЙ ОПЕРАЦИЙ;100
SPR062;СПРАВОЧНИК ОРУЖИЯ;100
SPR063;СПРАВОЧНИК ПРОИЗВОДСТВА;100
SPR065;СПРАВОЧНИК УЧЕТА ВЕЩЕЙ;100
SPR066;СПРАВОЧНИК ОСОБЕННОСТЕЙ ВЕЩЕЙ;100
SPR074;СПРАВОЧНИК ВИДОВ РОЗЫСКА;100
SPR077;СПРАВОЧНИК ХАРАКТЕРИСТИК ОПФ;100
SPR078;СПРАВОЧНИК ТЕХНОЛ. ОПЕРАЦИЙ;100
SPR084;СПРАВОЧНИК ПРИЧИН;100
STATIONS;РАБОЧИЕ СТАНЦИИ (ПРОЕКТЫ);0
SUD_STAT;СТАТЬИ ОСУЖДЕНИЯ;100
S_CH_OR;СПРАВОЧНИК ХАРАК-К ОРУЖИЯ;10
S_DOLJN;СПРАВОЧНИК ДОЛЖНОСТЕЙ;100
S_DOU;СПРАВОЧНИК ДОУ;3
S_EVEN;СПРАВОЧНИК ЧЕТНОСТИ;100
S_GRKRV;СПРАВОЧНИК ГРУПП КРОВИ;100
S_HAND;СПРАВОЧНИК РУК;10
S_IST_OP;СПРАВОЧНИК ИСТОЧНИКОВ;3
S_KT_OBJ;СПРАВОЧНИК КАТЕГОРИЙ ОБЪЕКТА;100
S_KT_OKR;СПРАВОЧНИК КАТЕГОРИЙ ОКРАСКИ;100
S_MST_PL;СПРАВОЧНИК МЕСТ ПОЛУЧЕНИЯ ОИ;3
S_NAME;СПРАВОЧНИК ИМЕН;0
S_NAPR;СПРАВОЧНИК МЕСТ НАПРАВЛЕНИЙ;100
S_NARK;СПРАВОЧНИК НАРКОТИКОВ;100
S_OBR;СПРАВОЧНИК ОБРАЗОВАНИЯ;100
S_OKRAS;СПРАВОЧНИК ОКРАСКИ;100
S_OSOB;СПРАВОЧНИК ПОНЯТИЙ ВНЕШНОСТИ;100
S_OTCH;СПРАВОЧНИК ОТЧЕСТВ;0
S_OVD;СПРАВОЧНИК ОВД;100
S_PERV;СПРАВОЧНИК ПЕРВИЧН. ДОКУМЕНТОВ;100
S_POH;"СПРАВОЧНИК ""ПОХОЖ НА""";100
S_POL;СПРАВОЧНИК ПОЛА;100
S_PREKR;СПРАВОЧНИК ОСНОВ. ПРЕКРАЩЕНИЯ;0
S_PRIM;СПРАВОЧНИК ПРИМЕТ;100
S_PSEVD;СПРАВОЧНИК ПОНЯТИЙ ОБ АГЕНТЕ;0
S_RASP;СПРАВОЧНИК РАСПОЛОЖЕНИЙ;100
S_RESH;СПРАВОЧНИК РЕШЕНИЙ;100
S_REZ_OP;СПРАВОЧНИК РЕЗУЛЬТ. РЕАЛИЗАЦ.;0
S_ROST;СПРАВОЧНИК РОСТА;100
S_SLJ;СПРАВОЧНИК ЛИНИЙ СЛУЖБЫ;100
S_SOKR;СПРАВОЧНИК СОКРАЩЕНИЙ;100
S_SOST;СПРАВОЧНИК ИЗЪЯТО/ПОХИЩЕНО;0
S_STAT;СПРАВОЧНИК СТАТЕЙ;100
S_TIPORG;СПРАВОЧНИК ТИПОВ ОРГАНИЗАЦИЙ;100
S_TLS;СПРАВОЧНИК ТЕЛОСЛОЖЕНИЯ;100
S_TP_AG;СПРАВОЧНИК ОСОБЕННОСТЕЙ АГЕНТА;0
S_TP_OSB;СПРАВОЧНИК ХАРАКТ-КИ ОСОБЕНН.;100
S_TP_PR;СПРАВОЧНИК ПРИЧИН ВЫДАЧИ;100
S_TP_SKR;СПРАВОЧНИК ТИПОВ СОКРАЩЕНИЙ;100
S_UCHAST;СПРАВОЧНИК СПОСОБОВ УЧАСТИЯ;0
S_UCHET;СПРАВОЧНИК КАРТОТЕК УЧЕТА;3
S_VD_OPR;СПРАВОЧНИК ОПЕРИНФОРМАЦИИ;0
S_VD_OR;СПРАВОЧНИК ТИПОВ ОРУЖИЯ;10
S_VEDOM;ВЕДОМСТВА;100
S_ZVAN;СПРАВОЧНИК ЗВАНИЙ;100
USERS;ПОЛЬЗОВАТЕЛИ СИСТЕМЫ;0
VES_P_OS;ОСОБЕННОСТИ ВЕЩЕЙ;100
VN_OSOB;ОСОБЕННОСТИ ВНЕШНОСТИ;100
VN_PRIM;ОСОБЫЕ ПРИМЕТЫ;100
A_TO_DOC;ДОКУМЕНТЫ ПО ТЕХН. ОПЕРАЦИЯМ;10
A_TO_REL;СВЯЗАННЫЕ ОПЕРАЦИИ;10
LC_DOP;ДОПОЛНЕНИЕ К ЛИЦУ;100
LC_GRAJD;ГРАЖДАНСТВО;100
LC_P_ISP;ИСПОЛНИТЕЛЬНЫЕ ЛИСТЫ;100
LC_RODST;РОДСТВЕННИКИ;100
LC_ZAGS;ГРАЖДАНСКИЕ СОСТОЯНИЯ ЛИЦА;100
SO_KPP;СПРАВОЧНИК КПП;100
SO_ORGAN;ОРГАНЫ РЕГИСТРАЦИОННОГО УЧЕТА;10
SO_SUMM;СУТОЧНЫЕ СБОРЫ ЗА РЕГИСТРАЦИЮ;100
S_AGS;АКТЫ ГРАЖДАНСКОГО СОСТОЯНИЯ;100
S_CEL;СПРАВОЧНИК ЦЕЛЕЙ ПРИЕЗДА/ВЫЕЗД;100
S_OPKIND;СПРАВОЧНИК ВИДОВ ОПЕРАЦИЙ;100
S_OTDPVS;ОТДЕЛЫ ФМС;100
S_PRIZN;ПРИЗНАКИ ДОКУМЕНТОВ;100
S_RODSTV;СТЕПЕНЬ РОДСТВА;100
S_SLEDOV;СЛЕДОВАНИЕ ТЕХНОЛОГ. ОПЕРАЦИЙ;100
TO_PASP;ПЕРЕМЕНА ПАСПОРТНЫХ ДАННЫХ;100
TO_REG;ДОПОЛНЕНИЕ К РЕГИСТРАЦИИ;100
LC_SOTR;СОТРУДНИКИ В КАРТОТЕКЕ;10
S_MOD_OR;СПРАВОЧНИК МОДЕЛЕЙ ОРУЖИЯ;100
USER_RTS;ПРАВА НА УТВЕРЖДЕНИЕ ОПЕРАЦИЙ;10
ROZISK;ОБЩИЙ РОЗЫСК ЛИЦ;10
ROZ_DOC;РОЗЫСКНЫЕ ДОКУМЕНТЫ;10
S_FLTYPE;СПРАВОЧНИК ТИПОВ ДЕЛ;10
FLATTACH;ОПЕРАЦИИ ПО ДЕЛУ;10
PROT_GR;ОБМЕН ДАННЫМИ В ГРАЖДАНСТВЕ;0
S_ATTACH;ШАБЛОНЫ ОПЕРАЦИЙ;10
PROTKKGR;ВЫДЕЛЕНИЕ ИЗМЕНЕНИЙ ИЗ КРАЯ;0
S_LINE;СПРАВОЧНИК ЛИНИЙ РОДСТВА;100
PCMDS;СПРАВОЧНИК КОМАНД ПЕЧАТИ;0
PRNCMDS;КОМАНДЫ ПРИНТЕРОВ;0
S_MONEU;СПРАВОЧНИК ФИНАНСИРОВАНИЯ;3
S_PER;СПРАВОЧНИК ПЕРИОДИЧНОСТИ;3
S_GRDELO;ОТНОШЕНИЕ К ДЕЛУ ПО ГРАЖДАН-ВУ;10
TO_CHECK;ПРОВЕРКА РЕГИСТРАЦИИ;100
S_CHECK;РЕЗУЛЬТАТЫ ПРОВЕРКИ РЕГИСТР.;1
SB_ORNT;ОРИЕНТИРОВКА;10
MAINKEYS;ГЛАВНЫЕ КЛЮЧИ ТАБЛИЦ;10
OBJ_LOCK;БЛОКИРОВКА ОБЪЕКТОВ УЧЕТА;3
OUTPUTIN;ВЫДАЧА ИНФОРМАЦИИ;3
S_REACT;СПРАВОЧНИК ТИПОВ РЕАКЦИЙ;10
PROT_KAB;ПРОТОКОЛ ПРИЕМА ДАННЫХ ИЗ КАБ;10
LC_GRDOC;ПОДТВЕРЖДАЮЩИЕ ДОКУМЕНТЫ;10
S_GR_MOS;СТАТЬИ ДЛЯ ОТЧЕТА НА МОСКВУ;100
S_PLAN;СПРАВОЧНИК ПЛАНОВ;100
S_SOG;СПРАВОЧНИК СОГ/ГНР;100
S_ST_OT;СПРАВОЧНИК СТАТУСОВ ОТДЕЛОВ;100
S_PR_DB;ПРИЗНАКИ ДОКУМЕНТА-БЛАНКА;100
S_TP_EXP;ТИПЫ ЭКСПОРТА;100
SO_PAY;ПРЕЙСКУРАНТ УСЛУГ;100
PAYS;УСЛУГИ;100
S_RELPAY;СООТВЕТСТВИЕ УСЛУГ И ЭЛЕМ.МЕНЮ;100
S_ST_LIN;ЛИНИИ СЛУЖБЫ ПО СТАТЬЯМ;0
S_SHTAMP;ПЕЧАТИ ФМС;100
S_FONT;ШРИФТЫ;100
WATCHREQ;СТОРОЖЕВЫЕ ЗАПРОСЫ;0
S_ZON;СПИСОК ЗОН;100
TO_CHILD;ДЕТИ В ТО;100
TO_OVIR;ДОПОЛНЕНИЕ ОВИР;100
S_6CHAPT;КВАЛИФИКАЦИЯ ПО 6-Й ГЛАВЕ УК;100
S_ORGDCS;ОРГАНИЗАЦИИ, ВЫНОСЯЩИЕ РЕШЕНИЯ;100
S_HOUSE;СПРАВОЧНИК ВИДОВ ЖИЛИЩА;100
S_RANGES;ДОПУСТИМЫЕ ДИАПАЗОНЫ;0
REKVISIT;РЕКВИЗИТЫ ПЛАТЕЖЕЙ;0
FIELDS;ПОЛЯ БЛАНКОВ ДОКУМЕНТОВ;100
S_ACCESS;КАТЕГОРИИ ДОСТУПА;100
SO_GEO;ГЕОГРАФИЧЕСКИЕ ПОНЯТИЯ;100
OB_ACNTS;ОСНОВАНИЕ ОГРАНИЧЕНИЯ ДОСТУПА;3
S_MAGAZ;СПРАВОЧНИК МАГАЗИНОВ;100
S_TEL;СПРАВОЧНИК ТИПОВ ТЕЛЕФОНОВ;100
S_KUPEVT;ВИДЫ ПРОИСШЕСТВИЙ В КУСП;100
CR_ALG;АЛГОРИТМЫ ПО ОПЕРАЦИЯМ;0
CR_OP_AR;СТАТЬИ ОСНОВАНИЯ ОПЕРАЦИЙ УД;100
CR_OP_OB;ОБЪЕКТЫ В ОПЕРАЦИЯХ УД;100
S_ALG;СПРАВОЧНИК АЛГОРИТМОВ;0
S_JUST;СПРАВОЧНИК СУДОВ;100
OB_OWNER;ИНФОРМИРУЕМЫЕ СОТРУДНИКИ;100
S_LCPHTP;ВИДЫ ФОТОГРАФИЙ ЧЕЛОВЕКА;0
S_MRGKND;ВИДЫ ВЗАИМОДЕЙСТВИЯ;0
S_JRN;СПРАВОЧНИК ТИПОВ ЖУРНАЛОВ;100
OWNERDOC;ВЛАДЕЛЬЦЫ ДОКУМЕНТОВ В РОЗЫСКЕ;10
OWINFOTP;ВИДЫ СООБЩЕНИЙ СОТРУДНИКАМ;100
CIVILSPC;ЗАПРЕЩЕННЫЕ ПОЛЯ;0
LC_KPP;ПЕРЕСЕЧЕНИЕ КПП;100
S_KPPDIR;НАПРАВЛЕНИЯ ПЕРЕСЕЧЕНИЯ КПП;100
S_FILETP;СПРАВОЧНИК ТИПОВ ФАЙЛОВ;100
PSVD_COV;ПРИКРЫТИЕ;3
PSVD_HIS;ИСТОРИЯ ПСЕВДОНИМА;3
PHOTOTAB;ПРИВЯЗКА ФОТО;0
ADM_OKR;ОКРАСКА АДМПРОТОКОЛОВ;10
S_REGBRN;СПРАВОЧНИК РЕГИОНОВ РОЖДЕНИЯ;100
S_ORLOSS;КЕМ УТРАЧЕНО ОРУЖИЕ;10
S_ORBLNG;ПРИНАДЛЕЖНОСТЬ УТРАЧ. ОРУЖИЯ;10
S_ORDETL;СПРАВОЧНИК ДЕТАЛЕЙ ОРУЖИЯ;10
S_ORMAKE;СТРАНЫ ПРОИЗВОДИТЕЛИ ОРУЖИЯ;10
S_ORVID;ВИДЫ ОРУЖИЯ В РОЗЫСКЕ;10
OR_P_ROZ;РОЗЫСК ОРУЖИЯ;10
CONT_PAS;СПИСОК ПАССАЖИРОВ;10
CONT_PRD;СПИСОК ПРОДУКЦИИ;10
S_RES_TR;РЕШЕНИЯ ПО ТРАНСПОРТУ;100
S_ED_IZM;СПРАВОЧНИК ЕДИНИЦ ИЗМЕРЕНИЯ;10
PARENTS;РОДИТЕЛИ;100
LC_WORK;ТРУДОВАЯ ДЕЯТЕЛЬНОСТЬ;100
EXP_OVIR;ЭКСПОРТ ДАННЫХ ОВИР;100
S_REZULT;РЕЗУЛЬТАТЫ ОФОРМЛЕНИЯ ЗП;100
CH_DOC;ДОКУМЕНТЫ, ПРИНАДЛЕЖАЩИЕ ДЕТЯМ;100
A_TO_KV;КВИТАНЦИИ;100
MES_ROZ;ПРОТОКОЛ СИГНАЛОВ;0
OB_P_NCK;КЛИЧКИ К ОБЪЕКТАМ;10
S_CONTR;СПРАВОЧНИК ОСНОВАНИЙ ПРОВЕРКИ;0
S_PR_OR;ПРИЧИНЫ СНЯТИЯ ОРУЖИЯ С УЧЕТА;0
LC_REQ;ЗАПРОСЫ В ВЕДОМСТВА;100
SB_LINOT;ПРОХОДИТ ПО ЛИНИИ ОТДЕЛА;10
SB_RASKR;РАСКРЫТО С ПОМОЩЬЮ;10
RPT_OBJ;ОБЪЕКТЫ В ОТЧЁТАХ ПО БД;100
S_TABLES;ТАБЛИЦЫ;100
OST_PMJ;ОСТАВЛЕНИЕ НА ПМЖ;100
S_NADDR;КОЛИЧЕСТВО РАБОЧИХ СТАНЦИЙ;0
HELP07R;ЭКСПОРТИРУЕМЫЕ НАЦИОНАЛЬНОСТИ;0
SLOVO2R;ЭКСПОРТИРУЕМЫЕ ГОСУДАРСТВА;0
SLOVO3R;ЭКСПОРТИРУЕМЫЕ СУБЪЕКТЫ;0
STPDOCR;ЭКСПОРТИРУЕМЫЕ ТИПЫ ДОКУМЕНТОВ;0
S_OVDR;ЭКСПОРТИРУЕМЫЕ ОВД;0
SB_DOP;ДОПОЛНЕНИЕ К СОБЫТИЮ;10
SB_D_TXT;ФАБУЛА ДОПОЛНЕНИЯ К СОБЫТИЮ;10
SB_PRIM;ПРИМЕЧАНИЕ К СОБЫТИЮ;10
SB_M_FAB;КРАТКАЯ ФАБУЛА К СОБЫТИЮ;10
S_GIZCEL;СПРАВОЧНИК ЦЕЛЕЙ ЗАПРОСОВ;100
ANSWER;СОДЕРЖИМОЕ ОТВЕТА НА ЗАПРОС;100
NAC_STR;СОДЕРЖИМОЕ НАЦИОНАЛЬН.СТРАНИЦЫ;100
HIS_CLN;ИСТОРИЯ ЧИСТКИ;10
DOST_ADM;АДМПРОТОКОЛЫ ПО ДОСТАВЛЕНИЯМ;10
S_EXCLUS;ОСНОВАНИЯ ИСКЛЮЧЕНИЯ АГЕНТОВ;0
NAR_ORG;ОТВЕТСТВЕННОСТЬ ПО КОАП;1
SU_ORGDS;РЕКВИЗИТЫ ОРГ.ПРИНИМАЮЩИХ РЕШ.;10
S_NARADM;КАТЕГОРИИ НАРУШИТЕЛЕЙ;0
SO_PVS;СПРАВОЧНИК КОДОВ ПОДРАЗД.ФМС;100
TO_SHTMP;ПЕЧАТЬ ШТАМПОВ;100
SB_PASS;ПЕРЕДАЧА ПРОКУРОРУ;10
TO_VDPSP;ДОПОЛНЕНИЕ К ВЫДАЧЕ ПАСПОРТА;100
KART_OR;КОНТРОЛЬНАЯ КАРТОЧКА ОРУЖИЯ;10
SU_AMMUN;БОЕПРИПАСЫ, ВВ, ВУ;10
S_TPAMM;ТИП УЧЕТНОГО ОРУЖИЯ;10
KAR_OPR;ОПЕРАЦИИ ДВИЖЕНИЯ ОРУЖИЯ;10
REZ_OPER;РЕЗУЛЬТАТ ОПЕРАЦИИ ДВИЖЕНИЯ;10
S_EXPLOS;СПРАВОЧНИК ВВ;10
AMM_TXT;ОПИСАНИЕ ВВ, ВУ;10
AMM_OKR;ОКРАСКА ВВ, ВУ;10
REESTR;РЕЕСТР ЛИЦЕНЗИЙ;10
S_REESTR;СПРАВОЧНИК ТИПОВ РЕЕСТРА;10
S_PR_RE;СПРАВОЧНИК ПРИЧИН ВНЕС. РЕЕСТР;10
REES_TXT;ПРИМЕЧАНИЕ К РЕЕСТРУ;10
DOC_DOP;ДОПОЛНЕНИЕ К ДОКУМЕНТУ;100
ORG_DOP;ДОПОЛНЕНИЕ К ОРГАНИЗАЦИИ;100
S_DOPDST;ДОП.ОСНОВАНИЯ ДОСТАВЛЕНИЯ;0
S_TPREQ;СПРАВОЧНИК ТИПОВ ЗАПРОСОВ;0
TO_GRAJD;ДОПОЛНЕНИЕ К ГРАЖДАНСТВУ;100
TAB_RTS;ПРАВА ПОЛЬЗОВАТЕЛЕЙ НА ТАБЛИЦЫ;0
S_REQ;СПРАВОЧНИК ВИДОВ ЗАПРОСОВ;100
ADRESSAT;АДРЕСАТ ЗАПРОСА;100
IVS_ADV;ПОСЕЩЕНИЯ АДВОКАТОВ ИВС/СИЗО;3
IVS_MOV;ПЕРЕДВИЖЕНИЯ ПО ИВС/СИЗО;3
IVS_SOTR;ПОСЕЩЕНИЯ СОТРУДНИКОВ ИВС/СИЗО;3
IVS_STAT;СТАТУС ВОДВОРЕННОГО В ИВС/СИЗО;3
S_VIZIT;СПРАВОЧНИК ТИПОВ ПОСЕЩЕНИЙ;100
MRGTABS;ВЫДЕЛЯЕМЫЕ,ИСКЛЮЧАЕМЫЕ ТАБЛИЦЫ;0
MAP_UL;СПИСОК УЛИЦ MAPMASTER;100
MAP_OBJ;СПИСОК ОБЪЕКТОВ MAPMASTER;10
KARTA_MP;КАРТА MAPMASTER;100
A_OB_OB;ОТОЖДЕСТВЛ. ОБЪЕКТЫ MAPMASTER;100
A_UL_UL;ОТОЖДЕСТВЛ. УЛИЦЫ MAPMASTER;100
SO_IVS;СПИСОК ИВС/СИЗО;100
S_DOLGN;СЛОВАРЬ ДОЛЖНОСТЕЙ;100
S_UPR;СПРАВОЧНИК ОРГАНОВ УПРАВЛЕНИЯ;100
S_SOBST;СПРАВОЧНИК ФОРМ СОБСТВЕННОСТИ;100
S_ACTIV;ОКВЭД;100
OR_ACTIV;ВИДЫ ЭКОН. ДЕЯТ-ТИ ОРГАНИЗАЦИЙ;100
GROUPING;ГРУППИРОВКА ЗАПИСЕЙ;100
GR_DOC;ГРУППЫ ТИПОВ ДОКУМЕНТОВ;100
S_DOHOD;СПРАВОЧНИК ВИДОВ ДОХОДОВ ЛИЦ;100
LC_DOHOD;ДОХОД ЛИЦА;100
LC_VIEZD;ВЫЕЗДЫ ЛИЦА ЗА ПРЕДЕЛЫ РФ;100
S_SN_UCH;ОСНОВАНИЯ СНЯТИЯ С УЧЕТА;100
SB_STAT;СТАТИСТИКА ПО СОБЫТИЮ;10
CONTR_TO;КОНТРОЛЬ ДОКУМЕНТОВ В ТО;100
GR_OSN;ГРУППЫ ПРАВОВЫХ ОСНОВАНИЙ;100
UTR_ZP;УТРАТА ЗАГРАНПАСПОРТА;100
OBJ_PIL;СООТВ.ОБЪЕКТОВ ПИЛИГР. ЛЕГЕНДЕ;0
S_PSNYAT;ПРИЧИНЫ ИЗЪЯТИЯ;100
SO_OTDEL;МЕСТНЫЕ ОТДЕЛЫ ПОДРАЗДЕЛЕНИЙ;100
ADM_NARK;НАРКОТИКИ ПО АДМПРОТОКОЛАМ;10
GR_GOS;ГРУППЫ ГОСУДАРСТВ;100
BANK_REC;РЕКВИЗИТЫ БАНКА;100
BANK_SCH;РАСЧЕТНЫЕ СЧЕТА;100
S_SCHET;СПРАВОЧНИК ТИПОВ СЧЕТОВ;100
S_VALYUT;КЛАССИФИКАТОР ВАЛЮТ (ОКВ);100
TEL_TRAF;ТЕЛЕФОННЫЙ ТРАФИК;3
TABL_PIL;СООТВ.КЛЮЧЕЙ ПИЛИГРИМА ЛЕГЕНДЕ;0
GR_CEL;ГРУППЫ ЦЕЛЕЙ ПРИЕЗДА/ВЫЕЗДА;100
MDF_DOC;ИЗМЕНЕНИЕ СОСТОЯНИЯ ДОКУМЕНТА;100
ALG_TO;АЛГОРИТМЫ В ТЕХН.ОПЕРАЦИЯХ;100
CONTEXT;КОНТЕКСТЫ В ТЕХН.ОПЕРАЦИЯХ;100
SO_OPTEL;СПИСОК ОПЕРАТОРОВ ТЕЛ.СЕТИ;1
SLJ_TEL;СПИСОК СЛУЖЕБНЫХ ТЕЛ.НОМЕРОВ;1
SO_BAZST;СПИСОК ПОДСИСТ.БАЗОВЫХ СТАНЦИЙ;3
SU_PATRL;ПРОВЕРКИ ЛИЦ ПРИ ПАТРУЛИР-НИИ;10
SOST_PAT;СОСТАВ ПАТРУЛЯ;10
CH_PHOTO;ФОТО ДЕТЕЙ;100
BARCHART;ГИСТОГРАММА;3
CEL_EXP;ЭКСПОРТИРУЕМЫЕ ЦЕЛИ;0
DEL_DOP;ДОПОЛНЕНИЕ К ДОУ;3
GR_ADM;ГРУППЫ СТАТЕЙ АДМНАРУШЕНИЙ;100
GR_PHOTO;ГРУППЫ ВИДОВ ФОТОГРАФИЙ;100
GR_PR_VD;ГРУППЫ ПРИЧИН ВЫДАЧИ;100
GR_SOKR;ГРУППЫ СОКРАЩЕНИЙ;100
LC_NAC;ДАННЫЕ ЛИЦА НА НАЦ.ЯЗЫКЕ;100
O_TRUBKA;МОБИЛЬНЫЕ ТЕЛ. УСТР-ВА;100
PD_V_PAT;ПОДРАЗДЕЛЕНИЯ ПО ВИДАМ ПАТРУЛЯ;10
POINTREG;РЕЕСТР БД;100
PROT_DET;ПРОТОКОЛ ПРИЕМА ДЕТАЛИЗАЦИЙ;3
RSH_P_GR;РЕШЕНИЯ ПРОКУРОРА ПО ГРУППАМ;10
SOBT_ADM;АДМПРОТОКОЛЫ ПО СОБЫТИЮ;10
S_AIPS4;ВИДЫ ОРУЖИЯ АИПС В ЕРМАК4;100
S_AVTO4;ТИПЫ МАШИН В ЕРМАК4;100
S_COLOR;СПРАВОЧНИК ЦВЕТОВ;100
S_DOC4;ТИПЫ ДОКУМЕНТОВ В ЕРМАК4;100
S_ERMAK4;ЭКСПОРТИРУЕМЫЕ СПРАВОЧНИКИ;0
S_GRKR4;ГРУППЫ КРОВИ В ЕРМАК4;100
S_KADAST;МОДЕЛИ ОРУЖИЯ В АИПС;100
S_KALIBR;СПРАВОЧНИК КАЛИБРОВ;100
S_KLBAIP;КАЛИБРЫ В АИПС;100
S_KTG4;КАТЕГОРИИ УЧЕТА В ЕРМАК4;100
S_KTGL4;КАТЕГОРИИ ЛИЦ В ЕРМАК4;100
S_MAKE4;СПРАВОЧНИК ПРОИЗВ-ВА В ЕРМАК4;100
S_MAR_TL;МАРКИ ТЕЛЕФОННЫХ УСТРОЙСТВ;100
S_MER4;МЕРЫ НАКАЗАНИЯ В ЕРМАК4;100
S_MEREXP;МЕРЫ ПРЕСЕЧЕНИЯ ДЛЯ ЭКСПОРТА;100
S_MSTVID;СПРАВОЧНИК МЕСТ ВЫДАЧИ ПАСП.;100
S_NATEXP;НАЦИОНАЛЬНОСТИ ДЛЯ ЭКСПОРТА;100
S_OKR4;ОКРАСКА В ЕРМАК4;100
S_ORG4;ТИПЫ ОРГАНИЗАЦИЙ В ЕРМАК4;100
S_OSN_PR;СПРАВОЧНИК ОСНОВ.ПРОВЕР.ПРОКУР;10
S_OSOB4;ОСОБЕННОСТИ ВНЕШНОСТИ В ЕРМАК4;100
S_OSOBV4;ОСОБЕННОСТИ ВЕЩЕЙ В ЕРМАК4;100
S_OVDDOP;ДОПОЛНИТЕЛЬНОЕ ПОДЧИНЕНИЕ;0
S_PODR4;ПОДРАЗДЕЛЕНИЯ В ЕРМАК4;100
S_POHOJ4;"СПРАВОЧНИК ""ПОХОЖ НА"" В ЕРМАК4";100
S_POLA4;СПРАВОЧНИК ПОЛА В ЕРМАК4;100
S_POVED4;ОСОБЕННОСТИ ПОВЕДЕНИЯ В ЕРМАК4;100
S_PRHEXP;ПРИЧИНЫ РОЗЫСКА ДЛЯ ЭКСПОРТА;100
S_PRIM4;ПРИМЕТЫ В ЕРМАК4;100
S_PR_EXP;НАСТРОЙКА ПРОТОКОЛА ЭКСПОРТА;0
S_P_DAKT;ПРИЧИНЫ ДАКТИЛОСКОПИРОВАНИЯ;100
S_P_RESH;СПРАВОЧНИК РЕШЕНИЙ ПРОКУРОРА;100
S_RASP4;РАСПОЛОЖЕНИЯ В ЕРМАК4;100
S_RELAT4;ТИПЫ СВЯЗЕЙ В ЕРМАК4;100
S_RGBEXP;РЕГИОНЫ РОЖДЕНИЯ В ЭКСПОРТАХ;100
S_ROSTA4;СПРАВОЧНИК РОСТА В ЕРМАК4;100
S_ROZEXP;ВИДЫ РОЗЫСКА ДЛЯ ЭКСПОРТА;100
S_SLOV24;ГОСУДАРСТВА В ЕРМАК4;100
S_SLOV34;СУБЪЕКТЫ В ЕРМАК4;100
S_SOSTOR;СПРАВОЧНИК СОСТОЯНИЙ ОРУЖИЯ;100
S_TIPAIP;ТИПЫ ОРУЖИЯ В АИПС;100
S_TLSL4;ТЕЛОСЛОЖЕНИЕ В ЕРМАК4;100
S_TPORJ4;ТИПЫ ОРУЖИЯ В ЕРМАК4;0
S_TRIAD;МОДЕЛИ ОРУЖИЯ В ЕРМАК4;100
S_VID4;ВИДЫ ДЕЛ В ЕРМАК4;0
S_VIDAIP;ВИДЫ ОРУЖИЯ В АИПС;100
S_VIDOR4;ВИДЫ ОРУЖИЯ В ЕРМАК4;0
S_V_PATR;СПРАВОЧНИК ВИДОВ ПАТРУЛЯ;100
TAB_PODR;ПРАВА ПОДРАЗДЕЛЕНИЙ НА ТАБЛИЦЫ;0
TO_OTHER;ДАННЫЕ РЕГИСТРАЦИИ ПО М/Ж;100
GR_OPKND;ГРУППЫ ВИДОВ ОПЕРАЦИЙ;100
IZM_SOST;ИЗМЕНЕНИЕ СОСТОЯНИЯ ОРУЖИЯ;10
RESH_ALG;АЛГОРИТМЫ К РЕШЕНИЯМ СОБЫТИЙ;10
DOC_IZ;ИЗЪЯТИЕ, СДАЧА ДОКУМЕНТОВ;100
SN_KOM;КОМИССИЯ ПО НЕДЕЙСТВИТ.ПАСП.;100
S_STUK4;СТАТЬИ В ЕРМАК4;100
ADMVESCH;ИЗЪЯТЫЕ ВЕЩИ ПО АДМПРОТОКОЛУ;10
S_TPKPP;СПРАВОЧНИК ТИПОВ КПП;100
S_INCOME;СПРАВОЧНИК ДОХОДОВ В БЮДЖЕТ;100
ADM_INC;НАСТРОЙКА УЧЕТА ДОХОДОВ;0
SO_PATRL;СПИСОК ПАТРУЛЕЙ;10
S_PRICH4;ПРИЧИНЫ ЗАВЕДЕНИЯ В ЕРМАК4;100
S_RESH4;СПРАВОЧНИК РЕШЕНИЙ В ЕРМАК4;100
OK_VD_OR;ОКРАСКА ПО ВИДУ ОРУЖИЯ;10
ORL_ORBL;СООТВЕТСТ.ПРИНАДЛ.КЕМ УТРАЧЕНО;10
S_ROD_M1;СООТВЕТСТВИЕ РОДСТВА МИГРАНТУ1;100
GR_RELAT;ГРУППЫ СВЯЗЕЙ;100
S_ORG_M1;ОФИЦИАЛЬНЫЕ ОРГАНЫ В МИГРАНТ-1;100
EXP_INC;ЭКСПОРТ ПОСТУПЛЕНИЙ В БЮДЖЕТ;0
SKU_VESH;СПРАВОЧНИК ВЕЩЕЙ ИПК-В В КУ;10
STR_KOAP;ШТРАФЫ ПО КОАП;10
LAYOUTS;РЕЕСТР ПРЕДСТАВЛЕНИЯ ЛИСТАЛОК;1
KU_DOP_V;ПРОТОКОЛ ОШИБОК К ИПК-В;10
KU_IPK_V;ИПК-В НА НОМЕРНУЮ ВЕЩЬ;10
KU_PRIMV;ОСОБЫЕ ПРИМЕТЫ ВЕЩИ;10
S_REGION;СПРАВОЧНИК РЕГИОНОВ МВД;10
S_PRIUST;ПРИЧИНЫ УСТАНОВКИ ТС;10
S_PRPREK;ПРИЧИНЫ ПРЕКРАЩЕНИЯ РОЗЫСКА ТС;10
S_OBNAR;КЕМ ОБНАРУЖЕНО ТС;10
TR_P_ROZ;РОЗЫСК ТРАНСПОРТА;10
SKU_SOST;СПРАВОЧНИК СОСТОЯН.КАРТОЧЕК КУ;10
SKU_65V;СООТВ.СПР.УЧЕТА С КУ ИПК-В;10
SKU_33V;СООТВ.СПР.ДЕЛ С КУ ИПК-В;10
SKU_VSV;СООТВ.СПР.ВЕЩЕЙ С КУ ИПК-В;10
SKU_NRAD;КАТЕГОРИИ ОБЪЕКТА ИПК-В В КУ;10
SKU_065;СПРАВОЧНИК УЧЕТА ИПК-В В КУ;10
SKU_033;СПРАВОЧНИК ДЕЛ ИПК-В В КУ;10
SKU_063;СПРАВОЧНИК ПРОИЗВОДСТВА В КУ;10
SKU_066;СПРАВОЧНИК ОСОБЕННОСТЕЙ В КУ;10
SKU_OSSN;СПР.ОСНОВАНИЙ СНЯТИЯ С УЧЕТА;10
ADM_IG;АДМПРОТОКОЛЫ ИНОСТРАНЦЕВ;100
CH_REG;ДАННЫЕ О РЕГИСТРАЦИИ ДЕТЕЙ;100
KU_AUTO;ИК НА РАЗЫСКИВАЕМОЕ ТС;10
KU_ORUJ;ИК НА РАЗЫСКИВАЕМОЕ ВООРУЖЕНИЕ;10
KU_ROZLC;ФЕДЕРАЛЬНЫЙ РОЗЫСК (ФР-ЛИЦ);10
KU_PCR_I;"ПРЕСТУПЛЕНИЕ ""КРИМИНАЛ-И""";10
INFO_DOP;ПРИМЕЧАНИЕ ТЕКУЩЕГО ОВД К ОИ;3
S_PRF_AC;СПРАВОЧНИК ПРОФ. МЕРОПРИЯТИЙ;100
PROFWORK;ПРОФИЛАКТИКА;100
EXP_AIPS;"ПРОТОКОЛ ЭКСПОРТА АИПС""ОРУЖИЕ""";10
AIPSKEYS;"КЛЮЧЕВЫЕ АТРИБУТЫ АИПС""ОРУЖИЕ""";10
S_DTSTS;СПРАВОЧНИК СОСТОЯНИЙ ДАННЫХ;10
SIST_VID;ВИДЫ СОБЫТИЙ СИСТЕМЫ;0
SIST_OKR;ОКРАСКА ВИДА СОБЫТИЯ СИСТЕМЫ;0
K_RELAT;УНИКАЛЬНЫЙ КЛЮЧ A_RELAT;0
K_AV_OP;УНИКАЛЬНЫЙ КЛЮЧ AV_P_OP;0
K_LC_PRF;УНИКАЛЬНЫЙ КЛЮЧ LC_D_PRF;0
K_OB_OKR;УНИКАЛЬНЫЙ КЛЮЧ OB_P_OKR;0
K_OB_DTF;УНИКАЛЬНЫЙ КЛЮЧ OB_P_DTF;0
K_OI_REA;УНИКАЛЬНЫЙ КЛЮЧ OI_P_REA;0
K_OR_OS;УНИКАЛЬНЫЙ КЛЮЧ OR_P_OS;0
K_PSVDOS;УНИКАЛЬНЫЙ КЛЮЧ PSVD_OSB;0
K_RIFLIN;УНИКАЛЬНЫЙ КЛЮЧ RIFLING;0
K_RIGHTS;УНИКАЛЬНЫЙ КЛЮЧ RIGHTS;0
K_SB_NAR;УНИКАЛЬНЫЙ КЛЮЧ SB_NARK;0
K_SBUCH;УНИКАЛЬНЫЙ КЛЮЧ SB_UCHAS;0
K_SB_VES;УНИКАЛЬНЫЙ КЛЮЧ SB_VESCH;0
K_SUD_ST;УНИКАЛЬНЫЙ КЛЮЧ SUD_STAT;0
K_VES_OS;УНИКАЛЬНЫЙ КЛЮЧ VES_P_OS;0
K_VN_OS;УНИКАЛЬНЫЙ КЛЮЧ VN_OSOB;0
K_VNPRIM;УНИКАЛЬНЫЙ КЛЮЧ VN_PRIM;0
K_RODST;УНИКАЛЬНЫЙ КЛЮЧ LC_RODST;0
K_LCSOTR;УНИКАЛЬНЫЙ КЛЮЧ LC_SOTR;0
K_OUTPUT;УНИКАЛЬНЫЙ КЛЮЧ OUTPUTIN;0
K_CROPAR;УНИКАЛЬНЫЙ КЛЮЧ CR_OP_AR;0
K_CROPOB;УНИКАЛЬНЫЙ КЛЮЧ CR_OP_OB;0
K_OWNER;УНИКАЛЬНЫЙ КЛЮЧ OB_OWNER;0
K_LC_KPP;УНИКАЛЬНЫЙ КЛЮЧ LC_KPP;0
K_PS_COV;УНИКАЛЬНЫЙ КЛЮЧ PSVD_COV;0
K_ADMOKR;УНИКАЛЬНЫЙ КЛЮЧ ADM_OKR;0
K_CONPAS;УНИКАЛЬНЫЙ КЛЮЧ CONT_PAS;0
K_CONPRD;УНИКАЛЬНЫЙ КЛЮЧ CONT_PRD;0
K_OB_NCK;УНИКАЛЬНЫЙ КЛЮЧ OB_P_NCK;0
K_SBLIN;УНИКАЛЬНЫЙ КЛЮЧ SB_LINOT;0
K_SBRAS;УНИКАЛЬНЫЙ КЛЮЧ SB_RASKR;0
K_SBPAS;УНИКАЛЬНЫЙ КЛЮЧ SB_PASS;0
K_AMMOKR;УНИКАЛЬНЫЙ КЛЮЧ AMM_OKR;0
K_TABRTS;УНИКАЛЬНЫЙ КЛЮЧ TAB_RTS;0
K_IVSADV;УНИКАЛЬНЫЙ КЛЮЧ IVS_ADV;0
K_IVSMOV;УНИКАЛЬНЫЙ КЛЮЧ IVS_MOV;0
K_IVSSOT;УНИКАЛЬНЫЙ КЛЮЧ IVS_SOTR;0
K_IVSST;УНИКАЛЬНЫЙ КЛЮЧ IVS_STAT;0
K_ORACT;УНИКАЛЬНЫЙ КЛЮЧ OR_ACTIV;0
K_ADMNAR;УНИКАЛЬНЫЙ КЛЮЧ ADM_NARK;0
K_BANKSC;УНИКАЛЬНЫЙ КЛЮЧ BANK_SCH;0
K_TELTRF;УНИКАЛЬНЫЙ КЛЮЧ TEL_TRAF;0
K_SOSPAT;УНИКАЛЬНЫЙ КЛЮЧ SOST_PAT;0
K_ADMVES;УНИКАЛЬНЫЙ КЛЮЧ ADMVESCH;0
RECIDS5;ГЛАВНЫЕ КЛЮЧИ НОВОГО ТИПА;10
K_LC_OSV;УНИКАЛЬНЫЙ КЛЮЧ LC_P_OSV;0
S_CELVIZ;СПРАВОЧНИК ЦЕЛЕЙ ВЪЕЗДА ИГ;100
KU_PIPKV;ИМПОРТ\ЭКСПОРТ ИПК-ВЕЩЬ;10
STAT_SIS;ИДЕНТИФИКАЦИЯ ПОЛЬЗОВАТЕЛЯ;0
RIGHT_KR;ПРАВА ДЛЯ ПРОГРАММЫ КРИМ.УЧЕТ;0
ETN_SOST;ЭТНИЧЕСКИЙ СОСТАВ;3
S_BAND4;ХАРАКТЕРИСТИКИ ОПФ В ЭКСПОРТАХ;100
GR_BAND;ГРУППЫ ОПФ;100
KU_STUD;СТАТЬИ УД ПРЕСТУПЛЕНИЕ КРИМ-И;10
SKU_TPDC;СПРАВОЧНИК ТИПОВ ДОКУМЕНТОВ КУ;10
S_BEL4;ПРИНАДЛЕЖН. ВЕЩИ В ЭКСПОРТАХ;100
VES_RAR;АНТИКВАРИАТ;100
S_BELONG;СПРАВОЧНИК ПРИНАДЛЕЖНОСТИ ВЕЩИ;100
S_GROKR;ГРУППЫ ОКРАСКИ;100
SKU_STPD;СООТВЕТСТВИЕ ТИПОВ ДОКУМЕНТ КУ;10
SKU_CELV;СПРАВОЧНИК ЦЕЛЕЙ ВЪЕЗДА КУ;10
SKUMOKR;СООТВЕТСТВИЕ МЕСТ ПРОИСШ КУ;10
SKU_PODS;СПРАВОЧНИК ПОДСЛЕДСТВЕН.КРИМ-И;10
SKUPODSL;СООТВ.ПОДСЛЕДСТВЕННОС.КРИМ-И;10
SKU_037;СПРАВОЧНИК МЕР ПРЕСЕЧЕНИЯ КУ;10
SKU037;СООТВ.МЕР ПРЕСЕЧЕНИЯ КУ;10
SKU_RESH;СПРАВОЧНИК РЕШЕНИЙ ПО УД В КУ;10
SKU_PSLJ;СПРАВОЧНИК НАИМ.ОРГАНА КРИМ-И;10
SKU_PRSL;СООТВ.НАИМ.ОРГАНА С КРИМ-И;10
SKU_OKRS;СПРАВОЧНИК ВИДОВ ПРОИСШ.КРИМ-И;10
SKU_SOKR;СООТВ.СПРАВОЧ.ОКРАСКИ С КРИМ-И;10
SKU_SUB;СТРАНА, РЕСП,СУБЪЕКТ РФ КУ;10
SKU_RSUB;СООТВ.РЕГИОНОВ РОЖДЕНИЯ КРИМ-И;10
SKU_GSUB;СООТВ.ГОСУДАРСТВ КРИМ-И;10
SKU_OSUB;СООТВЕТСТВИЕ СУБЪЕКТОВ КРИМ-И;10
SKU_STAT;СПРАВОЧНИК СТАТУСОВ ИГ КРИМ-И;10
SKU_TYPO;СПРАВОЧНИК ТИПА ОРГАНИЗ.КРИМ-И;10
SKU_045;СПРАВОЧНИК ОТНОШ.К КУСП КРИМ-И;10
SKU_S045;СООТВЕТСТВИЕ СВЯЗИ С КУСП КУ;10
SKU_POKR;СПРАВОЧНИК ПРЕДМЕТОВ КРИМ-И;10
SKUPOKR;СООТВЕТСТВИЕ ПРЕДМЕТОВ КУ;10
KU_PREDM;ПРЕДМЕТ ПРЕСТУП.ПОСЯГАТ-ВА КУ;10
SKU_MOKR;СПРАВОЧНИК МЕСТ ПРОИСШ КРИМ-И;10
KU_DOPFR;ПРОТОКОЛ ОШИБОК К ФР-ЛИЦ;10
KU_PFRLC;ИМПОРТ\ЭКСПОРТ ФР-ЛИЦ;10
KU_HISFR;ИСТОРИЯ ФР-ЛИЦ;10
KU_PCIPR;ИМПОРТ\ЭКСПОРТ ПРЕСТУПЛ.КРИМ-И;10
KU_DOPPR;ПРОТОКОЛ ОШИБОК К ПРЕСТ.КРИМ-И;10
KU_HISPR;"ИСТОРИЯ ПРЕСТУПЛЕНИЕ ""КРИМ-И""";10
SKU_KTFR;КАТЕГОРИИ РАЗЫСКИВАЕМЫХ ЛИЦ КУ;10
SKU_036;СООТВ.СПР.ПРИЧИН КАТЕГОР ФР КУ;10
KU_STOBV;СТАТЬИ ОБВИНЕНИЯ ЛИЦА В ФР КУ;10
SKU_ORLS;СПРАВОЧНИК КЕМ УТРАЧ ИК-ОРУЖИЕ;10
SKU_ORBL;СПРАВОЧ.ПРИНАДЛ.УТРЧ.ИК-ОРУЖИЕ;10
SKUORBLN;СООТВЕТ.ПРИНАДЛ.УТРЧ.ИК-ОРУЖИЕ;10
S_VIZC4;ЦЕЛИ ВЪЕЗДА ИГ В ЭКСПОРТАХ;100
S_ADST4;СТАТЬИ КОАП В ЭКСПОРТАХ;100
KU_HISTC;ИСТОРИЯ ИК-ТС;10
KU_HISV;ИСТОРИЯ ИПК-В;10
KU_DOPOR;ПРОТОКОЛ ОШИБОК К ИК-ОРУЖИЕ;10
KU_HISOR;ИСТОРИЯ ИК-ОРУЖИЕ;10
KU_PORUJ;ИМПОРТ\ЭКСПОРТ ИК-ОРУЖИЕ;10
SKU_33A;СООТВ.СПР.ДЕЛ С КУ ИК-ТС;10
SKU_65A;СООТВ.СПР.УЧЕТА С КУ ИК-ТС;10
SKU_84A;СООТВ.СПР.ПОВОДА С КУ ИК-ТС;10
SKU_MPOK;СООТВ.МЕСТ ПРЕСТУПЛ С КУ ИК-ТС;10
SKU_ASLJ;СООТВ.ПОДРАЗДЕЛЕНИЙ С КУ ИК-ТС;10
SKU_PRPR;ПРИЧИНЫ ПРЕКРАЩ.РОЗЫСКА ИК-ТС;10
SKU_65OR;СООТВ.СПР.УЧЕТА С КУ ИК-ОРУЖИЕ;10
SKUORLOS;СООТВ.КЕМ УТРАЧ С КУ ИК-ОРУЖИЕ;10
SKU033OR;СПРАВОЧНИК ДЕЛ ИК-ОРУЖИЕ В КУ;10
SKU_33OR;СООТВ.СПР.ДЕЛ С КУ ИК-ОРУЖИЕ;10
SKU_PROR;ПРИЧИНЫ ПРЕКРАЩ.РОЗЫСК ИК-ОРУЖ;10
SKU062;СПРАВОЧНИК ВИДОВ ОРУЖИЯ В КУ;10
SKUORDET;СПРАВОЧНИК ДЕТАЛЕЙ ОРУЖИЯ В КУ;10
SKU_62;СООТВ.СПР.ВИДОВ ОРУЖИЯ С КУ;10
SKU_DET;СООТВ.СПР.ДЕТАЛЕЙ ОРУЖИЯ С КУ;10
SKU065OR;СПРАВОЧНИК УЧЕТА ИК-ОРУЖИЕ КУ;10
SIST_SOB;СОБЫТИЯ СИСТЕМЫ;0
S_OKRSIS;СПРАВОЧНИК ОКРАСКИ ВИДА СОБЫТ.;0
S_OKRKAT;СПРАВОЧНИК КАТЕГ. ОКРАСКИ СОБ.;0
S_PROGR;СПРАВОЧНИК ПРОГРАММ;0
SIS_PROT;ИМПОРТ\ЭКСПОРТ ДАННЫХ СИСТЕМЫ;0
KU_PAUTO;ИМПОРТ\ЭКСПОРТ ИК-ТС;10
BINDATA;ДОПОЛНИТ. ПАРАМЕТРЫ ПОДРАЗД.;0
KU_DOPTC;ПРОТОКОЛ ОШИБОК К ИК-ТС;10
KU_MESPR;МЕСТО ПРЕСТУПЛЕНИЯ ИК-ТС КУ;10
KU_MOTH;МОТИВЫ ХИЩЕНИЯ,УГОНА ИК-ТС КУ;10
KU_OCHEV;ОЧЕВИДЦЫ ИК-ТС КУ;10
KU_PRIZ;ПРИЗНАКИ ПРЕСТУПЛЕНИЯ ИК-ТС;10
KU_SOSTT;СОСТОЯНИЕ ТС ПЕРЕД ХИЩЕНИЕМ;10
KU_SPLG;СПОСОБЫ ЛЕГАЛИЗАЦИИ ИК-ТС КУ;10
KU_SPMS;СПОСОБЫ МАСКИРОВКИ ИК-ТС КУ;10
K_CH_DOC;УНИКАЛЬНЫЙ КЛЮЧ CH_DOC;0
K_DOC_IZ;УНИКАЛЬНЫЙ КЛЮЧ DOC_IZ;0
K_LCWORK;УНИКАЛЬНЫЙ КЛЮЧ LC_WORK;0
K_LCZAGS;УНИКАЛЬНЫЙ КЛЮЧ LC_ZAGS;0
K_LC_ISP;УНИКАЛЬНЫЙ КЛЮЧ LC_P_ISP;0
K_LDOHOD;УНИКАЛЬНЫЙ КЛЮЧ LC_DOHOD;0
K_LVIEZD;УНИКАЛЬНЫЙ КЛЮЧ LC_VIEZD;0
K_PARENT;УНИКАЛЬНЫЙ КЛЮЧ PARENTS;0
K_SNBL;УНИКАЛЬНЫЙ КЛЮЧ SNYATBL;0
K_SNTDOC;УНИКАЛЬНЫЙ КЛЮЧ SNYATDOC;0
K_SN_KOM;УНИКАЛЬНЫЙ КЛЮЧ SN_KOM;0
K_TOCHIL;УНИКАЛЬНЫЙ КЛЮЧ TO_CHILD;0
K_TO_DOC;УНИКАЛЬНЫЙ КЛЮЧ A_TO_DOC;0
OBJ_AIPS;СПИСОК ОБЪЕКТОВ ПОСЫЛКИ АИПС;100
PRT_NALG;ПРОТОКОЛ ПРИЕМА ДАННЫХ ИЗ ФНС;100
SKU033A;СПРАВОЧНИК ДЕЛ ИК-ТС В КУ;10
SKU065A;СПРАВОЧНИК УЧЕТА ИК-ТС В КУ;10
SKU084A;СПРАВОЧНИК ПОВОДОВ ИК-ТС В КУ;10
SKUPRIZN;СПРАВОЧНИК ПРИЗНАКА КАРТОЧК КУ;10
SKU_AKTG;КАТЕГОРИИ ОБЪЕКТА ИК-ТС В КУ;10
SKU_BOOL;"СПРАВОЧНИК ""ДА/НЕТ"" В КУ";10
SKU_CVK;ГРУППА ЦВЕТА КУЗОВА ТС В КУ;10
SKU_CVZ;ЦВЕТА ФОНА ЗНАКА ТС В КУ;10
SKU_INSC;СПР.ИНСЦЕНИРОВКИ ХИЩЕНИЯ ТС КУ;10
SKU_KTTC;СПРАВОЧНИК КАТЕГОРИЙ ТС В КУ;10
SKU_MOTH;СПР.МОТИВЫ ХИЩЕНИЯ,УГОНА ТС КУ;10
SKU_MPRE;СПР. МЕСТ ПРЕСТУПЛЕНИЯ В КУ;10
SKU_NALC;СПРАВОЧНИК НАЛИЧИЯ ИК-ТС В КУ;10
SKU_OBNR;СПР.КЕМ ОБНАРУЖЕНО ТС В КУ;10
SKU_OCHV;СПРАВОЧНИК ОЧЕВИДЦЕВ В КУ;10
SKU_PRIU;ПРИЧИНЫ УСТАНОВКИ ИК-ТС В КУ;10
SKU_PRZN;СПР.ПРИЗНАКОВ ПРЕСТУПЛЕН ИК-ТС;10
SKU_PVOZ;ПРИЧИНЫ ВОЗБУЖДЕНИЯ ИК-ТС В КУ;10
SKU_REZR;РЕЗУЛЬТАТЫ РАССЛЕДОВАНИЯ В КУ;10
SKU_SLJ;СПРАВОЧНИК ЛИНИЙ РАБОТЫ В КУ;10
SKU_SPHU;СПР.СПОСОБ ХИЩЕНИЯ,УГОНА ТС КУ;10
SKU_SPLG;СПР.СПОСОБ ЛЕГАЛИЗАЦИИ ТС В КУ;10
SKU_SPMS;СПР.СПОСОБ МАСКИРОВКИ ТС В КУ;10
SKU_SPPR;СПР.СПОСОБ ПРОНИКНОВЕН.В ТС КУ;10
SKU_STTC;СПРАВОЧНИК СОСТОЯНИЙ ТС В КУ;10
S_KODSLJ;СПРАВОЧНИК КОДОВ СЛУЖБ, ОВД;10
S_STMAIL;СПРАВОЧНИК СОСТОЯНИЙ ПОСЫЛКИ;0
TO_PHOTO;ФОТО К ТО;100
ADM_ADM;АДМПРОТОКОЛЫ ЗА НЕВЫПОЛНЕНИЕ;100
AIPS_ERR;СОДЕРЖАНИЕ ОШИБОК АИПС;100
AIPSGUNS;СОСТОЯНИЕ ОРУЖИЯ В АИПС;10
EMPLINFO;КЛЮЧЕВЫЕ АТРИБУТЫ СОТРУДНИКА;10
GR_PSN;ГРУППЫ ПРИЧИН ИЗЪЯТИЯ ДОКУМ.;100
KBK_KOAP;ПЕРЕЧЕНЬ КБК ПО ГРУППЕ СТ.КОАП;10
OUTPASS;ЗП ГР-Н, ПРОЖИВАЮЩИХ В АБХАЗИИ;3
OVD_M1;СОПОСТАВ. ОРГАНОВ С МИГРАНТ-1;0
S_AIPS_L;СПРАВОЧНИК УРОВНЕЙ ОТКАЗА АИПС;100
S_SIGNAL;СПРАВОЧНИК ВИДОВ СИГНАЛОВ;100
S_STAIPS;СПРАВОЧНИК СОСТОЯНИЙ В АИПС;100
SKU_PINS;СПРАВОЧНИК МЕСТ ВВОДА;10
TO_RFREG;ДАННЫЕ РЕГИСТРАЦИИ В РФ;100
EXP_PASP;ПРОТОКОЛ ЭКСПОРТА ПАСПОРТОВ;100
S_ACT;СПРАВОЧНИК ВИДОВ ДЕЙСТВИЙ;100
SB_ADMN;НОМЕР СОБЫТИЯ В ЖУР.АДМПР-СТВА;10
SO_AJRN;СПИСОК ЖУРНАЛОВ АДМНАРУШЕНИЙ;10
ADM_EXEC;ИСПОЛНИТЕЛЬНОЕ ПРОИЗВОДСТВО;100
BL_DFCT;СВЕДЕНИЯ О ПОРЧЕ БЛАНКОВ;100
FILE_KV;ФАЙЛЫ КВИТАНЦИЙ СВЕРКИ С АС РП;100
FILE_REV;ФАЙЛЫ СВЕРКИ;100
GRDOCSTS;ГРУППЫ СОСТОЯНИЙ ДОКУМЕНТА;100
OB_FILE;ФАЙЛ-ДОКУМЕНТЫ К ОБЪЕКТАМ;100
OB_VERIF;ПРОВЕРКА ДАННЫХ ОБЪЕКТОВ УЧЕТА;100
REK_REV;РЕКВИЗИТЫ ФОРМАТОВ АС РП;100
REV_DATA;ДАННЫЕ СКОБОЧНОГО ФОРМАТА;100
REV_FLK;ВАРИАНТЫ ВЫГРУЗКИ ДЛЯ ФЛК;100
REVISE;ДАННЫЕ СВЕРКИ С АС РП;100
REVISE_1;ВРЕМЕННЫЕ ДАННЫЕ АС РП;100
REZ_REV;РЕЗУЛЬТАТЫ СВЕРКИ;100
S_AS_RP;СПРАВОЧНИК ФОРМАТОВ АС РП;100
S_EXE_AC;СПРАВОЧНИК ВИДОВ ИСП.ДЕЙСТВИЙ;100
S_EXE_PR;ПРИЧИНЫ ОКОНЧАНИЯ ИСП.ПРОИЗ-ВА;100
S_MSTV4;МЕСТА ВЫДАЧИ ПАСПОРТА В ЕРМАК4;100
S_REG_PL;СООТВ.РЕГИОНОВ РОЖД. ПИЛИГРИМУ;100
S_RESIMP;СПРАВОЧНИК РЕЗУЛЬТ. ЗАГРУЗКИ;100
S_RESREV;СПРАВОЧНИК РЕЗУЛЬТАТОВ СВЕРКИ;100
S_RIGSPR;ПРАВА НА ВЫДЕЛЕН. СПРАВОЧНИКОВ;100
S_SNEXP;ПРИЧИНЫ ИЗЪЯТИЯ В ЭКСПОРТАХ;100
S_SOGEXP;СОГ/ГНР В ЭКСПОРТАХ;100
S_UNITS;ИЕРАРХИЯ СТРУКТУРЫ ПОДРАЗДЕЛЕН;100
S_VIDREV;СПРАВОЧНИК ВИДОВ СВЕРКИ;100
S_ZVNEXP;ЗВАНИЯ В ЭКСПОРТАХ;100
SKU_HELP;УСТАНОВЛЕН С ПОМОЩЬЮ В ФР-ЛИЦ;10
SKU_KEMZ;СПРАВОЧНИК КЕМ ЗАДЕРЖАН ФР-ЛИЦ;10
SKU_PRLC;ПРИЧИНЫ ПРЕКРАЩ.РОЗЫСКА ФР-ЛИЦ;10
SKU_REPB;СПРАВОЧНИК УК РЕСПУБЛИКИ В КУ;10
STAT_JID;JID В СИСТЕМЕ ОБМЕНА СООБЩЕН.;0
TO_RECPT;КВИТАНЦИЯ О ЗАГРУЗКЕ В АС РП;100
TO_REVIS;ОТМЕТКА О СВЕРКЕ С АС РП;100
TO_VERIF;ПРОВЕРКА ДАННЫХ ТО;100
ZON_SOTR;ЗОНАЛЬНЫЕ СОТРУДНИКИ;10
S_KPMDIR;НАПРАВЛЕНИЯ ПЕРЕСЕЧЕНИЯ КПМ;100
DETENREG;РЕЕСТР ЗАДЕРЖАННЫХ;100
NADZORLC;АДМНАДЗОР;10
OGR_SUDA;ОГРАНИЧЕНИЯ СУДА;10
DETENFAB;ФАБУЛА РЕЕСТРА ЗАДЕРЖАННЫХ;100
DL_ACTIV;ВИДЫ ЭКОН. ДЕЯТ-ТИ В ДОУ;3
GR_STAT;ГРУППЫ СТАТЕЙ УК/УПК;100
OI_ACTIV;ВИДЫ ЭКОН. ДЕЯТ-ТИ В ОИ;3
OKR_M_OR;ОКРАСКА МОДЕЛИ ОРУЖИЯ;10
PSVD_ACT;ВИДЫ ЭКОН. ДЕЯТ-ТИ В ПСЕВДОНИМАХ;3
S_DETEN;СПРАВОЧНИК ОСНОВАН. ЗАДЕРЖАНИЯ;100
S_ENDNDZ;ОСНОВАНИЯ ПРЕКРАЩЕНИЯ АДМНАДЗОРА;100
S_KTNA4;КАТЕГОРИИ АДМНАДЗОРА В ЕРМАК4;100
S_KTNADZ;СПРАВОЧНИК КАТЕГОРИЙ АДМНАДЗОРА;100
S_NOTICE;СПОСОБЫ УВЕДОМЛЕНИЯ ЗАЯВИТЕЛЯ;100
S_OGRS4;ОГРАНИЧЕНИЯ СУДА В ЕРМАК4;100
S_OGRSUD;СПРАВОЧНИК ОГРАНИЧЕНИЙ СУДА;100
S_OSNADZ;СПРАВОЧНИК ОСНОВАНИЙ АДМНАДЗОРА;100
S_REG4;РЕГИОНЫ МВД В ЕРМАК4;10
S_REL065;НАСТРОЙКА КАТЕГ.УЧЕТА И СВЯЗИ;100
S_RESHS4;РЕШЕНИЯ СУДА В ЕРМАК4;100
SPR353;СПРАВОЧНИК ВИДОВ ПРОТОКОЛА;100
SPR759;СПРАВОЧНИК МОТИВОВ ЗАДЕРЖАНИЯ;100
ST_ITEMS;ПУНКТЫ СТАТЕЙ ОСУЖДЕНИЯ;100
